UTC Time,Working Directory,Command,Stdout Path,Stderr Path,Exit Code,Notes
2026-06-04T20:53:31Z,/home/sansforensics/Desktop/cases/Test1,ls -la /cases/Test1/,./logs/20260604T205331Z_2829_stdout.log,./logs/20260604T205331Z_2829_stderr.log,0,List case directory contents
2026-06-04T20:53:32Z,/home/sansforensics/Desktop/cases/Test1,file /cases/Test1/base-wkstn-01-c-drive.E01,./logs/20260604T205332Z_5305_stdout.log,./logs/20260604T205332Z_5305_stderr.log,0,Initialize ledger and check file type
2026-06-04T20:53:52Z,/home/sansforensics/Desktop/cases/Test1,ewfinfo /cases/Test1/base-wkstn-01-c-drive.E01,./logs/20260604T205352Z_25120_stdout.log,./logs/20260604T205352Z_25120_stderr.log,0,ewfinfo on EVID-001
2026-06-04T20:54:02Z,/home/sansforensics/Desktop/cases/Test1,bash -c pwd; echo ---; ls -la /home/sansforensics/Desktop/cases/Test1/; echo ---; ls -la /cases/Test1/,./logs/20260604T205402Z_24170_stdout.log,./logs/20260604T205402Z_24170_stderr.log,0,Show working dir and case files mapping
2026-06-04T20:56:18Z,/home/sansforensics/Desktop/cases/Test1,bash -o pipefail -lc img_stat /cases/Test1/base-wkstn-01-c-drive.E01 || true,./logs/20260604T205618Z_4864_stdout.log,./logs/20260604T205618Z_4864_stderr.log,0,Check sector size with img_stat
2026-06-04T20:56:28Z,/home/sansforensics/Desktop/cases/Test1,sudo mkdir -p /mnt/ewf_wkstn01 /mnt/wkstn01,./logs/20260604T205628Z_29850_stdout.log,./logs/20260604T205628Z_29850_stderr.log,0,Make mount points
2026-06-04T20:56:28Z,/home/sansforensics/Desktop/cases/Test1,mmls /cases/Test1/base-wkstn-01-c-drive.E01,./logs/20260604T205628Z_22462_stdout.log,./logs/20260604T205628Z_22462_stderr.log,1,mmls partition table direct
2026-06-04T20:54:18Z,/home/sansforensics/Desktop/cases/Test1,ewfverify /cases/Test1/base-wkstn-01-c-drive.E01,./logs/20260604T205418Z_15768_stdout.log,./logs/20260604T205418Z_15768_stderr.log,0,ewfverify integrity check
2026-06-04T20:56:52Z,/home/sansforensics/Desktop/cases/Test1,sudo ewfmount /cases/Test1/base-wkstn-01-c-drive.E01 /mnt/ewf_wkstn01,./logs/20260604T205652Z_8159_stdout.log,./logs/20260604T205652Z_8159_stderr.log,1,ewfmount E01 read-only
2026-06-04T20:57:06Z,/home/sansforensics/Desktop/cases/Test1,"bash -o pipefail -lc echo ""=== /mnt/ewf_wkstn01 ===""; ls -la /mnt/ewf_wkstn01 2>&1; echo ""=== /mnt/wkstn01 ===""; ls -la /mnt/wkstn01 2>&1; echo ""=== mount ===""; mount | grep -E ""ewf|wkstn"" || true",./logs/20260604T205706Z_16328_stdout.log,./logs/20260604T205706Z_16328_stderr.log,0,Inspect existing mount points
2026-06-04T20:57:19Z,/home/sansforensics/Desktop/cases/Test1,sudo mmls /mnt/ewf_wkstn01/ewf1,./logs/20260604T205719Z_21878_stdout.log,./logs/20260604T205719Z_21878_stderr.log,1,mmls on ewf1
2026-06-04T20:57:30Z,/home/sansforensics/Desktop/cases/Test1,cat /home/sansforensics/Desktop/cases/Test1/logs/20260604T205719Z_21878_stderr.log,./logs/20260604T205730Z_12208_stdout.log,./logs/20260604T205730Z_12208_stderr.log,0,Read mmls stderr
2026-06-04T20:57:42Z,/home/sansforensics/Desktop/cases/Test1,sudo fsstat /mnt/ewf_wkstn01/ewf1,./logs/20260604T205742Z_28851_stdout.log,./logs/20260604T205742Z_28851_stderr.log,0,fsstat on ewf1 (logical NTFS)
2026-06-04T20:57:43Z,/home/sansforensics/Desktop/cases/Test1,sudo ls -la /mnt/wkstn01/Users/,./logs/20260604T205743Z_27940_stdout.log,./logs/20260604T205743Z_27940_stderr.log,0,Inspect mounted Users dir
2026-06-04T20:57:44Z,/home/sansforensics/Desktop/cases/Test1,sudo ls -la /mnt/wkstn01/Quarantine/,./logs/20260604T205744Z_1484_stdout.log,./logs/20260604T205744Z_1484_stderr.log,0,Quarantine dir listing
2026-06-04T20:58:00Z,/home/sansforensics/Desktop/cases/Test1,bash -o pipefail -lc mkdir -p ./exports/evtx ./exports/registry ./exports/registry/users ./exports/prefetch ./exports/srum ./exports/amcache ./exports/tasks ./exports/recyclebin ./exports/browser ./exports/mft ./exports/parsed ./exports/parsed/mft ./exports/parsed/usnjrnl ./exports/parsed/evtx ./exports/parsed/registry ./exports/parsed/prefetch ./exports/parsed/amcache ./exports/parsed/srum ./exports/parsed/lnk ./exports/parsed/jumplists ./exports/parsed/shellbags ./exports/yara_hits,./logs/20260604T205800Z_16445_stdout.log,./logs/20260604T205800Z_16445_stderr.log,0,Create export subdirs
2026-06-04T20:58:01Z,/home/sansforensics/Desktop/cases/Test1,sudo find /mnt/wkstn01/ProgramData/ -maxdepth 2 -type d,./logs/20260604T205801Z_12538_stdout.log,./logs/20260604T205801Z_12538_stderr.log,0,Detect AV logs and ProgramData
2026-06-04T20:58:14Z,/home/sansforensics/Desktop/cases/Test1,sudo ls -laR /mnt/wkstn01/ProgramData/staging/,./logs/20260604T205814Z_13779_stdout.log,./logs/20260604T205814Z_13779_stderr.log,0,List ProgramData/staging
2026-06-04T20:58:15Z,/home/sansforensics/Desktop/cases/Test1,sudo ls -laR /mnt/wkstn01/ProgramData/perfmon-k/,./logs/20260604T205815Z_26627_stdout.log,./logs/20260604T205815Z_26627_stderr.log,0,List ProgramData/perfmon-k
2026-06-04T20:58:16Z,/home/sansforensics/Desktop/cases/Test1,sudo ls -la /mnt/wkstn01/ProgramData/McAfee/DesktopProtection/,./logs/20260604T205816Z_23829_stdout.log,./logs/20260604T205816Z_23829_stderr.log,0,List McAfee DesktopProtection
2026-06-04T20:58:36Z,/home/sansforensics/Desktop/cases/Test1,sudo bash -o pipefail -lc sha256sum /mnt/wkstn01/ProgramData/staging/7za.exe /mnt/wkstn01/ProgramData/staging/install_wormhole/install_msadvapi2_32.exe /mnt/wkstn01/ProgramData/staging/install_wormhole/install_msadvapi2_64.exe /mnt/wkstn01/ProgramData/staging/llrange_lariat/Lariat-9.4.1-install.exe /mnt/wkstn01/ProgramData/staging/mcollective_agents/*.zip /mnt/wkstn01/ProgramData/staging/*.cer; md5sum /mnt/wkstn01/ProgramData/staging/7za.exe /mnt/wkstn01/ProgramData/staging/install_wormhole/install_msadvapi2_32.exe /mnt/wkstn01/ProgramData/staging/install_wormhole/install_msadvapi2_64.exe /mnt/wkstn01/ProgramData/staging/llrange_lariat/Lariat-9.4.1-install.exe,./logs/20260604T205836Z_20110_stdout.log,./logs/20260604T205836Z_20110_stderr.log,0,Compute hashes of staging executables
2026-06-04T20:58:38Z,/home/sansforensics/Desktop/cases/Test1,sudo bash -o pipefail -lc sha256sum /mnt/wkstn01/ProgramData/perfmon-k/*; echo ---; md5sum /mnt/wkstn01/ProgramData/perfmon-k/*,./logs/20260604T205838Z_10853_stdout.log,./logs/20260604T205838Z_10853_stderr.log,0,Hash perfmon-k binaries
2026-06-04T20:58:40Z,/home/sansforensics/Desktop/cases/Test1,sudo bash -o pipefail -lc mkdir -p ./exports/mcafee; cp /mnt/wkstn01/ProgramData/McAfee/DesktopProtection/*.txt ./exports/mcafee/; chmod -R u+r ./exports/mcafee/; ls -la ./exports/mcafee/,./logs/20260604T205840Z_19864_stdout.log,./logs/20260604T205840Z_19864_stderr.log,0,Copy McAfee logs and view OnAccessScanLog
2026-06-04T20:58:53Z,/home/sansforensics/Desktop/cases/Test1,"bash -o pipefail -lc grep -aiE ""deny|delete|move|clean|quaranti|threat|virus|trojan|infect|detect"" ./exports/mcafee/OnAccessScanLog.txt | head -200",./logs/20260604T205853Z_18872_stdout.log,./logs/20260604T205853Z_18872_stderr.log,141,OnAccessScanLog detection lines
2026-06-04T20:59:09Z,/home/sansforensics/Desktop/cases/Test1,"bash -o pipefail -lc grep -aiE ""Trojan|PUP|RDN|GenericRXAA|Adware|backdoor|hack|keylog|malware|deleted|cleaned|moved|quaranti|sweep|threat name|threats found|JS/|VBS/|W32/|RDN/"" ./exports/mcafee/OnAccessScanLog.txt | grep -vaiE ""Files detected:[[:space:]]*0|Files cleaned:[[:space:]]*0|Files deleted:[[:space:]]*0"" | head -300",./logs/20260604T205909Z_12853_stdout.log,./logs/20260604T205909Z_12853_stderr.log,0,McAfee log filter for real detections
2026-06-04T20:59:33Z,/home/sansforensics/Desktop/cases/Test1,"bash -o pipefail -lc grep -aE ""Deleted|Moved|Cleaned"" ./exports/mcafee/OnAccessScanLog.txt | awk -F""\t"" ""{print \$5}"" | sort -u; echo ---UNIQUE-PATHS---; grep -aE ""Deleted|Moved|Cleaned"" ./exports/mcafee/OnAccessScanLog.txt | awk -F""\t"" ""{print \$6}"" | sort -u; echo ---UNIQUE-THREATS---; grep -aE ""Deleted|Moved|Cleaned"" ./exports/mcafee/OnAccessScanLog.txt | awk -F""\t"" ""{print \$7}"" | sort -u; echo ---TOTAL-COUNT---; grep -acE ""Deleted|Moved|Cleaned"" ./exports/mcafee/OnAccessScanLog.txt; echo ---LAST-10-DETECTIONS---; grep -aE ""Deleted|Moved|Cleaned"" ./exports/mcafee/OnAccessScanLog.txt | tail -20",./logs/20260604T205933Z_21809_stdout.log,./logs/20260604T205933Z_21809_stderr.log,0,Extract unique trojan detections summary
2026-06-04T20:59:51Z,/home/sansforensics/Desktop/cases/Test1,sudo bash -o pipefail -lc cp /mnt/wkstn01/Windows/System32/winevt/Logs/*.evtx ./exports/evtx/ 2>&1 | tail -20; ls ./exports/evtx/ | wc -l,./logs/20260604T205951Z_10135_stdout.log,./logs/20260604T205951Z_10135_stderr.log,0,Copy event logs
2026-06-04T20:59:55Z,/home/sansforensics/Desktop/cases/Test1,"sudo bash -o pipefail -lc for hive in SYSTEM SOFTWARE SECURITY SAM DEFAULT; do cp ""/mnt/wkstn01/Windows/System32/config/$hive"" ./exports/registry/ 2>&1; done; cp /mnt/wkstn01/Windows/AppCompat/Programs/Amcache.hve ./exports/registry/ 2>&1; ls -la ./exports/registry/",./logs/20260604T205955Z_2212_stdout.log,./logs/20260604T205955Z_2212_stderr.log,0,Copy system registry hives
2026-06-04T20:59:58Z,/home/sansforensics/Desktop/cases/Test1,"sudo bash -o pipefail -lc for d in /mnt/wkstn01/Users/*/; do u=$(basename ""$d""); if [ -f ""$d/NTUSER.DAT"" ]; then mkdir -p ""./exports/registry/users/$u""; cp ""$d/NTUSER.DAT"" ""./exports/registry/users/$u/""; fi; if [ -f ""$d/AppData/Local/Microsoft/Windows/UsrClass.dat"" ]; then mkdir -p ""./exports/registry/users/$u""; cp ""$d/AppData/Local/Microsoft/Windows/UsrClass.dat"" ""./exports/registry/users/$u/""; fi; done; find ./exports/registry/users -type f | sort",./logs/20260604T205958Z_5337_stdout.log,./logs/20260604T205958Z_5337_stderr.log,0,Copy NTUSER and UsrClass hives
2026-06-04T21:00:00Z,/home/sansforensics/Desktop/cases/Test1,sudo bash -o pipefail -lc cp /mnt/wkstn01/Windows/Prefetch/*.pf ./exports/prefetch/ 2>/dev/null; cp /mnt/wkstn01/Windows/System32/sru/SRUDB.dat ./exports/srum/ 2>/dev/null; cp -r /mnt/wkstn01/Windows/System32/Tasks/. ./exports/tasks/ 2>/dev/null; ls ./exports/prefetch | wc -l; ls ./exports/srum/; find ./exports/tasks -type f | wc -l,./logs/20260604T210000Z_28129_stdout.log,./logs/20260604T210000Z_28129_stderr.log,0,Copy prefetch and tasks and SRUM
2026-06-04T21:00:18Z,/home/sansforensics/Desktop/cases/Test1,sudo find /mnt/wkstn01/Windows/AppCompat/ -iname Amcache*,./logs/20260604T210018Z_1525_stdout.log,./logs/20260604T210018Z_1525_stderr.log,1,Locate Amcache.hve
2026-06-04T21:00:36Z,/home/sansforensics/Desktop/cases/Test1,"sudo bash -o pipefail -lc find /mnt/wkstn01/Windows -iname ""Amcache.hve*"" 2>/dev/null; echo ---; find /mnt/wkstn01 -iname ""Amcache.hve"" 2>/dev/null",./logs/20260604T210036Z_20859_stdout.log,./logs/20260604T210036Z_20859_stderr.log,0,Locate Amcache deep
2026-06-04T21:01:01Z,/home/sansforensics/Desktop/cases/Test1,sudo bash -o pipefail -lc cp /mnt/wkstn01/Windows/appcompat/Programs/Amcache.hve ./exports/registry/; cp /mnt/wkstn01/Windows/appcompat/Programs/Amcache.hve.LOG1 ./exports/registry/ 2>/dev/null; cp /mnt/wkstn01/Windows/appcompat/Programs/Amcache.hve.LOG2 ./exports/registry/ 2>/dev/null; ls -la ./exports/registry/Amcache*,./logs/20260604T210101Z_29055_stdout.log,./logs/20260604T210101Z_29055_stderr.log,0,Copy Amcache hive
2026-06-04T21:01:03Z,/home/sansforensics/Desktop/cases/Test1,sudo bash -o pipefail -lc icat /mnt/ewf_wkstn01/ewf1 0 > ./exports/mft/MFT 2>./exports/mft/MFT.err; ls -la ./exports/mft/,./logs/20260604T210103Z_29707_stdout.log,./logs/20260604T210103Z_29707_stderr.log,0,Extract MFT via icat
2026-06-04T21:01:09Z,/home/sansforensics/Desktop/cases/Test1,bash -o pipefail -lc dotnet /opt/zimmermantools/PECmd.dll -d ./exports/prefetch/ --csv ./exports/parsed/prefetch/ --csvf prefetch.csv 2>&1 | tail -10,./logs/20260604T210109Z_17807_stdout.log,./logs/20260604T210109Z_17807_stderr.log,1,Run PECmd on prefetch
2026-06-04T21:01:11Z,/home/sansforensics/Desktop/cases/Test1,bash -o pipefail -lc dotnet /opt/zimmermantools/AppCompatCacheParser.dll -f ./exports/registry/SYSTEM --csv ./exports/parsed/registry --csvf shimcache.csv 2>&1 | tail -10,./logs/20260604T210111Z_17591_stdout.log,./logs/20260604T210111Z_17591_stderr.log,0,Run AppCompatCacheParser shimcache
2026-06-04T21:01:13Z,/home/sansforensics/Desktop/cases/Test1,bash -o pipefail -lc dotnet /opt/zimmermantools/AmcacheParser.dll -f ./exports/registry/Amcache.hve --nl --csv ./exports/parsed/amcache 2>&1 | tail -10,./logs/20260604T210113Z_3394_stdout.log,./logs/20260604T210113Z_3394_stderr.log,0,Run AmcacheParser
2026-06-04T21:01:14Z,/home/sansforensics/Desktop/cases/Test1,bash -o pipefail -lc dotnet /opt/zimmermantools/SrumECmd.dll -f ./exports/srum/SRUDB.dat -r ./exports/registry/SOFTWARE --csv ./exports/parsed/srum 2>&1 | tail -10,./logs/20260604T210114Z_20570_stdout.log,./logs/20260604T210114Z_20570_stderr.log,1,Run SrumECmd
2026-06-04T21:01:18Z,/home/sansforensics/Desktop/cases/Test1,cat /tmp/claude-1000/-cases-Test1/aaedc817-d72b-4f04-9192-676fa131ecfb/tasks/bqnaej37k.output,./logs/20260604T210118Z_26909_stdout.log,./logs/20260604T210118Z_26909_stderr.log,0,Investigate prefetch failure
2026-06-04T21:01:19Z,/home/sansforensics/Desktop/cases/Test1,cat /tmp/claude-1000/-cases-Test1/aaedc817-d72b-4f04-9192-676fa131ecfb/tasks/bfallizpi.output,./logs/20260604T210119Z_10943_stdout.log,./logs/20260604T210119Z_10943_stderr.log,0,Shimcache result
2026-06-04T21:01:32Z,/home/sansforensics/Desktop/cases/Test1,"bash -o pipefail -lc echo ""PREFETCH stdout:""; cat /tmp/claude-1000/-cases-Test1/aaedc817-d72b-4f04-9192-676fa131ecfb/tasks/bqnaej37k.output | tail -40; echo ""===SRUM stdout===""; cat /tmp/claude-1000/-cases-Test1/aaedc817-d72b-4f04-9192-676fa131ecfb/tasks/bwyvz7bel.output | tail -40",./logs/20260604T210132Z_20776_stdout.log,./logs/20260604T210132Z_20776_stderr.log,0,Check raw stdout files of failed jobs
2026-06-04T21:01:44Z,/home/sansforensics/Desktop/cases/Test1,bash -o pipefail -lc mkdir -p ./exports/parsed/prefetch; dotnet /opt/zimmermantools/PECmd.dll -d ./exports/prefetch/ --csv ./exports/parsed/prefetch/ --csvf prefetch.csv 2>&1 | tail -20,./logs/20260604T210144Z_28280_stdout.log,./logs/20260604T210144Z_28280_stderr.log,1,Try PECmd direct
2026-06-04T21:01:58Z,/home/sansforensics/Desktop/cases/Test1,/usr/bin/dotnet /opt/zimmermantools/PECmd.dll --help,./logs/20260604T210158Z_15419_stdout.log,./logs/20260604T210158Z_15419_stderr.log,1,Test dotnet directly
2026-06-04T21:02:08Z,/home/sansforensics/Desktop/cases/Test1,bash -o pipefail -c ls /opt/zimmermantools/ | head -30; echo ---; ls /opt/zimmermantools/PECmd* 2>&1; echo ---; ls /opt/zimmermantools/AmcacheParser* 2>&1,./logs/20260604T210208Z_4150_stdout.log,./logs/20260604T210208Z_4150_stderr.log,0,List zimmermantools
2026-06-04T21:02:18Z,/home/sansforensics/Desktop/cases/Test1,"bash -o pipefail -c find /opt -iname ""PECmd*.dll"" 2>/dev/null; find /opt -iname ""SrumECmd*.dll"" 2>/dev/null; find /opt -iname ""*Prefetch*"" 2>/dev/null; find /opt -iname ""SrumE*"" 2>/dev/null",./logs/20260604T210218Z_3130_stdout.log,./logs/20260604T210218Z_3130_stderr.log,1,Find PECmd and SrumECmd
2026-06-04T21:02:32Z,/home/sansforensics/Desktop/cases/Test1,bash -o pipefail -c which pyscca-tools 2>/dev/null; which prefetch.py 2>/dev/null; which prefetch 2>/dev/null; ls /opt/ | head -50,./logs/20260604T210232Z_13298_stdout.log,./logs/20260604T210232Z_13298_stderr.log,0,Find prefetch parsers
2026-06-04T21:02:40Z,/home/sansforensics/Desktop/cases/Test1,"bash -o pipefail -c python3 -c ""import pyscca; print(pyscca.__version__)"" 2>&1; which python3",./logs/20260604T210240Z_11585_stdout.log,./logs/20260604T210240Z_11585_stderr.log,0,Check pyscca via pip
2026-06-04T21:02:56Z,/home/sansforensics/Desktop/cases/Test1,bash -o pipefail -c ls -la ./exports/parsed/evtx/ 2>/dev/null; echo ---; cat /tmp/claude-1000/-cases-Test1/aaedc817-d72b-4f04-9192-676fa131ecfb/tasks/bzcep5akw.output | tail -30,./logs/20260604T210256Z_18125_stdout.log,./logs/20260604T210256Z_18125_stderr.log,0,Check EvtxECmd progress
2026-06-04T21:03:01Z,/home/sansforensics/Desktop/cases/Test1,bash -o pipefail -c mkdir -p ./exports/parsed/mft; dotnet /opt/zimmermantools/MFTECmd.dll -f ./exports/mft/MFT --csv ./exports/parsed/mft --csvf mft.csv 2>&1 | tail -10,./logs/20260604T210301Z_19449_stdout.log,./logs/20260604T210301Z_19449_stderr.log,0,MFTECmd parse MFT
2026-06-04T21:03:12Z,/home/sansforensics/Desktop/cases/Test1,bash -o pipefail -c ls -la ./exports/mft/,./logs/20260604T210312Z_27609_stdout.log,./logs/20260604T210312Z_27609_stderr.log,0,MFT file size after icat
2026-06-04T21:02:59Z,/home/sansforensics/Desktop/cases/Test1,bash -o pipefail -c mkdir -p ./exports/parsed/registry; dotnet /opt/zimmermantools/RECmd/RECmd.dll -d ./exports/registry/ --bn /opt/zimmermantools/RECmd/BatchExamples/Kroll_Batch.reb --nl --csv ./exports/parsed/registry --csvf kroll_batch.csv 2>&1 | tail -20,./logs/20260604T210259Z_9443_stdout.log,./logs/20260604T210259Z_9443_stderr.log,0,Run RECmd Kroll batch on all hives
2026-06-04T21:03:15Z,/home/sansforensics/Desktop/cases/Test1,"sudo bash -o pipefail -c find /mnt/wkstn01/Users/mhill/AppData/Local/Temp/ -type f 2>/dev/null | head -50; echo ---; find /mnt/wkstn01/Users -type f -iname ""*.exe"" 2>/dev/null | grep -iE ""/Temp/|/AppData/"" | head -50; echo ---; find /mnt/wkstn01/Users/mhill/Downloads -type f 2>/dev/null",./logs/20260604T210315Z_31492_stdout.log,./logs/20260604T210315Z_31492_stderr.log,0,Quick suspicious files survey in user temp and AppData
2026-06-04T21:03:30Z,/home/sansforensics/Desktop/cases/Test1,bash -o pipefail -c ls -la ./exports/parsed/registry/; echo ---; ls -la ./exports/parsed/mft/,./logs/20260604T210330Z_3866_stdout.log,./logs/20260604T210330Z_3866_stderr.log,0,Check parsed registry outputs
2026-06-04T21:03:34Z,/home/sansforensics/Desktop/cases/Test1,"sudo bash -o pipefail -c find /mnt/wkstn01/Windows -maxdepth 3 -type f -iname ""*.exe"" -newer /mnt/wkstn01/Windows/explorer.exe 2>/dev/null | head -50; echo ---; find /mnt/wkstn01 -name ""chrome_updater*"" 2>/dev/null; echo ---; find /mnt/wkstn01 -name ""perfmon-k*"" 2>/dev/null; echo ---SCHEDULED TASKS---; sudo ls /mnt/wkstn01/Windows/System32/Tasks 2>&1 | head -40",./logs/20260604T210334Z_1684_stdout.log,./logs/20260604T210334Z_1684_stderr.log,0,Survey System32 anomalies
2026-06-04T21:04:03Z,/home/sansforensics/Desktop/cases/Test1,"sudo bash -o pipefail -c ls -la /mnt/wkstn01/Windows/subject_srv.exe /mnt/wkstn01/Windows/Sysmon64.exe 2>&1; echo ---; sha256sum /mnt/wkstn01/Windows/subject_srv.exe /mnt/wkstn01/Windows/Sysmon64.exe 2>&1; echo ---; ls -la /mnt/wkstn01/Windows/System32/winevt/Logs/Microsoft-Windows-Sysmon* 2>&1; echo ---; sudo cat ""/mnt/wkstn01/Windows/System32/Tasks/Sysmon Update"" 2>&1 | head -40",./logs/20260604T210403Z_2336_stdout.log,./logs/20260604T210403Z_2336_stderr.log,0,Investigate subject_srv.exe and Sysmon
2026-06-04T21:04:06Z,/home/sansforensics/Desktop/cases/Test1,"sudo bash -o pipefail -c find /mnt/wkstn01/Windows/System32/Tasks -type f 2>&1 | head -100; echo ---SUSPICIOUS---; sudo grep -rliE ""powershell|cmd.exe|wormhole|lariat|perfmon-k|mcollective"" /mnt/wkstn01/Windows/System32/Tasks 2>/dev/null",./logs/20260604T210406Z_8954_stdout.log,./logs/20260604T210406Z_8954_stderr.log,1,Check Microsoft sched tasks subdir
2026-06-04T21:04:26Z,/home/sansforensics/Desktop/cases/Test1,"bash -o pipefail -c ls /opt/yara-rules 2>/dev/null; ls /opt/signature-base 2>/dev/null; ls ~/.claude/skills/yara-hunting/rules 2>/dev/null; ls /opt/zimmermantools/ | grep -i yara; find / -maxdepth 5 -name ""*.yar*"" -type f 2>/dev/null | head -20",./logs/20260604T210426Z_5492_stdout.log,./logs/20260604T210426Z_5492_stderr.log,1,List YARA rules available
2026-06-04T21:04:39Z,/home/sansforensics/Desktop/cases/Test1,find /opt /usr/share /home -maxdepth 4 -name *.yar -type f,./logs/20260604T210439Z_9873_stdout.log,./logs/20260604T210439Z_9873_stderr.log,1,Locate any YARA rules on disk
2026-06-04T21:04:58Z,/home/sansforensics/Desktop/cases/Test1,bash -o pipefail -c ls -la ./exports/parsed/evtx/ 2>/dev/null; echo ---; tail -5 /tmp/claude-1000/-cases-Test1/aaedc817-d72b-4f04-9192-676fa131ecfb/tasks/bzcep5akw.output; echo ---; ls ./exports/parsed/registry/,./logs/20260604T210458Z_4329_stdout.log,./logs/20260604T210458Z_4329_stderr.log,0,Check EvtxECmd progress and verify Kroll output
2026-06-04T21:05:01Z,/home/sansforensics/Desktop/cases/Test1,sudo bash -o pipefail -c find /mnt/wkstn01/Users/mhill/AppData/Roaming/Microsoft/Windows/Recent -type f 2>/dev/null | head -50; echo ---; find /mnt/wkstn01/Users/mhill/AppData/Roaming/Microsoft/Windows/Recent/AutomaticDestinations -type f 2>/dev/null,./logs/20260604T210501Z_18717_stdout.log,./logs/20260604T210501Z_18717_stderr.log,0,Survey user LNK/Recent/RunMRU
2026-06-04T21:01:05Z,/home/sansforensics/Desktop/cases/Test1,bash -o pipefail -lc dotnet /opt/zimmermantools/EvtxeCmd/EvtxECmd.dll -d ./exports/evtx/ --csv ./exports/parsed/evtx/ --csvf evtx_all.csv --maps /opt/zimmermantools/EvtxeCmd/Maps/ 2>&1 | tail -10,./logs/20260604T210105Z_29689_stdout.log,./logs/20260604T210105Z_29689_stderr.log,0,EvtxECmd parse all logs
2026-06-04T21:05:58Z,/home/sansforensics/Desktop/cases/Test1,"bash -o pipefail -c ps -ef | grep -E ""EvtxECmd|dotnet"" | grep -v grep",./logs/20260604T210558Z_3671_stdout.log,./logs/20260604T210558Z_3671_stderr.log,1,Status of EvtxECmd
2026-06-04T21:06:14Z,/home/sansforensics/Desktop/cases/Test1,"bash -o pipefail -c cat > ./analysis/case_iocs.yar << ""YARA_EOF""
import ""hash""

rule CASE001_McAfee_Detected_MD5
{
    meta:
        description = ""Files whose MD5 matches a McAfee Artemis/GenericRXIT-PW Trojan detection in this case""
        author      = ""DFIR Orchestrator""
        case        = ""CASE-001""
        date        = ""2026-06-04""

    condition:
        hash.md5(0, filesize) == ""1977c126e8e74da4460f41653ca6a6f2"" or
        hash.md5(0, filesize) == ""50cce7d590ca72cfb1f3b5522ea5c27b"" or
        hash.md5(0, filesize) == ""264609c34194d47dbf25d18d4f83d41d"" or
        hash.md5(0, filesize) == ""d870ac37e98c1351fd0de3ae404a180d"" or
        hash.md5(0, filesize) == ""4d17f453b454859f249990be61f36091""
}

rule CASE001_perfmon_k_residuals
{
    meta:
        description = ""Residual perfmon-k binaries colocated with confirmed McAfee Artemis detections""
        author      = ""DFIR Orchestrator""
        case        = ""CASE-001""
        date        = ""2026-06-04""

    condition:
        hash.sha256(0, filesize) == ""225efff946151edeb6f860f5e4d68aa7025ca7abef67ddb215f5c89445d3356c"" or
        hash.sha256(0, filesize) == ""fa76d9059fc4fe103e3de1868c76d86efbac9295fcd3e5f1c430cd1c5b4ad710"" or
        hash.sha256(0, filesize) == ""fc7f5094bc182a05e782e0b775eccab9e662a3d207e89ab7f075db18a4c19c75"" or
        hash.sha256(0, filesize) == ""128cdb7c58bfda11a88c21e41e48df47f2122a1761d69aec5af79e241a712185"" or
        hash.sha256(0, filesize) == ""8db5e3bdd57ed77f80e1dbd5f11a48a19f69faa2281f1039b615ee8b4a09407c""
}

rule CASE001_chrome_updater_fake_path
{
    meta:
        description = ""PE file named chrome_updater.exe matching McAfee-deleted samples""
        author      = ""DFIR Orchestrator""
        case        = ""CASE-001""

    strings:
        $mz       = { 4D 5A }
        $name1    = ""chrome_updater.exe"" wide ascii nocase

    condition:
        $mz at 0 and $name1
}

rule CASE001_staging_install_wormhole
{
    meta:
        description = ""Files in C:\\ProgramData\\staging\\install_wormhole - masquerading as advapi2""
        author      = ""DFIR Orchestrator""
        case        = ""CASE-001""

    condition:
        hash.sha256(0, filesize) == ""ebb75bbae3e1298cecbed3c5b1b0ca0a2a8d4d17836f672546218bc47da8dc03"" or
        hash.sha256(0, filesize) == ""27d4968716a095a15956f1fb9e247b32dd7765b2e67149e17469908750280568""
}
YARA_EOF
ls -la ./analysis/case_iocs.yar",./logs/20260604T210614Z_17606_stdout.log,./logs/20260604T210614Z_17606_stderr.log,0,Create YARA rule file
2026-06-04T21:06:25Z,/home/sansforensics/Desktop/cases/Test1,sudo bash -o pipefail -c yara -r -s -N -p 4 --timeout 30 ./analysis/case_iocs.yar /mnt/wkstn01/ 2>/dev/null | tee ./exports/yara_hits/case_iocs_scan.txt; wc -l ./exports/yara_hits/case_iocs_scan.txt,./logs/20260604T210625Z_17741_stdout.log,./logs/20260604T210625Z_17741_stderr.log,0,YARA scan against mounted C drive
2026-06-04T21:06:27Z,/home/sansforensics/Desktop/cases/Test1,"bash -o pipefail -c ls -la ./exports/evtx/ | grep -iE ""Sysmon|Defender|PowerShell"" 2>&1",./logs/20260604T210627Z_6228_stdout.log,./logs/20260604T210627Z_6228_stderr.log,0,Check perfmon-k Defender events and Sysmon
2026-06-04T21:06:30Z,/home/sansforensics/Desktop/cases/Test1,"bash -o pipefail -c cat ./exports/yara_hits/case_iocs_scan.txt; echo ---; ls -la ./exports/evtx/ | grep -iE ""Sysmon|Defender|PowerShell""",./logs/20260604T210630Z_5923_stdout.log,./logs/20260604T210630Z_5923_stderr.log,0,View YARA hits and check Sysmon evtx
2026-06-04T21:06:46Z,/home/sansforensics/Desktop/cases/Test1,sudo bash -o pipefail -c yara -r -s ./analysis/case_iocs.yar /mnt/wkstn01/ProgramData/perfmon-k/ 2>&1; echo ---; yara -r -s ./analysis/case_iocs.yar /mnt/wkstn01/ProgramData/staging/ 2>&1,./logs/20260604T210646Z_542_stdout.log,./logs/20260604T210646Z_542_stderr.log,127,YARA direct test on perfmon-k
2026-06-04T21:06:57Z,/home/sansforensics/Desktop/cases/Test1,sudo bash -o pipefail -c /usr/local/bin/yara -r -s ./analysis/case_iocs.yar /mnt/wkstn01/ProgramData/perfmon-k/ /mnt/wkstn01/ProgramData/staging/ 2>&1 | tee ./exports/yara_hits/case_iocs_focused.txt; echo ---LINES---; wc -l ./exports/yara_hits/case_iocs_focused.txt,./logs/20260604T210657Z_28527_stdout.log,./logs/20260604T210657Z_28527_stderr.log,0,YARA scan with absolute path
2026-06-04T21:07:09Z,/home/sansforensics/Desktop/cases/Test1,"bash -o pipefail -c which yara 2>&1; dpkg -L yara 2>&1 | grep bin/yara; find / -name ""yara"" -type f -executable 2>/dev/null | head",./logs/20260604T210709Z_16266_stdout.log,./logs/20260604T210709Z_16266_stderr.log,1,Locate yara binary
2026-06-04T21:07:34Z,/home/sansforensics/Desktop/cases/Test1,bash -lc which yara; type yara,./logs/20260604T210734Z_21747_stdout.log,./logs/20260604T210734Z_21747_stderr.log,1,Find yara executable
2026-06-04T21:08:19Z,/home/sansforensics/Desktop/cases/Test1,"bash -o pipefail -c python3 << ""PYEOF""
import csv
rows = [
    [""IOC ID"",""Type"",""Value"",""Source"",""First Seen UTC"",""Last Seen UTC"",""Confidence"",""Notes""],
    [""IOC-001"",""MD5"",""1977c126e8e74da4460f41653ca6a6f2"",""McAfee VSE OnAccessScanLog"",""2019-05-08T15:14:04Z"",""2019-05-08T15:14:04Z"",""Confirmed"",""Artemis!1977C126E8E7 (Trojan); C:\\ProgramData\\perfmon-k\\perfmon-kconfigure.exe; deleted by AV""],
    [""IOC-002"",""MD5"",""50cce7d590ca72cfb1f3b5522ea5c27b"",""McAfee VSE OnAccessScanLog"",""2019-05-17T22:29:13Z"",""2019-05-17T22:29:13Z"",""Confirmed"",""Artemis!50CCE7D590CA (Trojan); C:\\ProgramData\\perfmon-k\\perfmon-k.exe; deleted by AV""],
    [""IOC-003"",""MD5"",""264609c34194d47dbf25d18d4f83d41d"",""McAfee VSE OnAccessScanLog"",""2019-10-22T20:55:41Z"",""2019-10-24T15:55:59Z"",""Confirmed"",""GenericRXIT-PW!264609C34194 (Trojan); chrome_updater.exe in mhill Temp dirs; deleted by AV""],
    [""IOC-004"",""MD5"",""d870ac37e98c1351fd0de3ae404a180d"",""McAfee VSE OnAccessScanLog"",""2019-11-04T19:55:52Z"",""2019-11-06T17:01:44Z"",""Confirmed"",""GenericRXIT-PW!D870AC37E98C (Trojan); chrome_updater.exe in mhill Temp dirs; deleted by AV""],
    [""IOC-005"",""MD5"",""4d17f453b454859f249990be61f36091"",""McAfee VSE OnAccessScanLog"",""2019-11-06T22:01:05Z"",""2019-11-06T22:01:54Z"",""Confirmed"",""GenericRXIT-PW!4D17F453B454 (Trojan); chrome_updater.exe in mhill Temp dirs; deleted by AV""],
    [""IOC-006"",""SHA-256"",""225efff946151edeb6f860f5e4d68aa7025ca7abef67ddb215f5c89445d3356c"",""sha256sum of on-disk file"","""","""",""Probable"",""C:\\ProgramData\\perfmon-k\\perfmon-khk.dll residual; same directory as detected Artemis trojans""],
    [""IOC-007"",""SHA-256"",""fa76d9059fc4fe103e3de1868c76d86efbac9295fcd3e5f1c430cd1c5b4ad710"",""sha256sum of on-disk file"","""","""",""Probable"",""C:\\ProgramData\\perfmon-k\\perfmon-ki.dll residual""],
    [""IOC-008"",""SHA-256"",""fc7f5094bc182a05e782e0b775eccab9e662a3d207e89ab7f075db18a4c19c75"",""sha256sum of on-disk file"","""","""",""Probable"",""C:\\ProgramData\\perfmon-k\\perfmon-kr.exe residual""],
    [""IOC-009"",""SHA-256"",""128cdb7c58bfda11a88c21e41e48df47f2122a1761d69aec5af79e241a712185"",""sha256sum of on-disk file"","""","""",""Probable"",""C:\\ProgramData\\perfmon-k\\perfmon-kvw.exe residual""],
    [""IOC-010"",""SHA-256"",""8db5e3bdd57ed77f80e1dbd5f11a48a19f69faa2281f1039b615ee8b4a09407c"",""sha256sum of on-disk file"","""","""",""Probable"",""C:\\ProgramData\\perfmon-k\\perfmon-kwb.dll residual""],
    [""IOC-011"",""Path"",""C:\\ProgramData\\perfmon-k\\"",""McAfee VSE OnAccessScanLog"",""2019-05-08T15:14:04Z"",""2021-09-14"",""Confirmed"",""Persistence directory containing detected and residual malware""],
    [""IOC-012"",""Path"",""C:\\Users\\mhill\\AppData\\Local\\Temp\\{<GUID>}-*chrome_updater.exe"",""McAfee VSE OnAccessScanLog"",""2019-10-22T20:55:41Z"",""2019-11-06T22:01:54Z"",""Confirmed"",""Recurring drop path masquerading as Chrome updater; 21 unique GUID-prefixed paths""],
    [""IOC-013"",""User Context"",""shieldbase\\mhill"",""McAfee VSE OnAccessScanLog"",""2019-10-22T20:55:41Z"",""2019-11-06T22:01:54Z"",""Confirmed"",""User context for chrome_updater drops; spawned via svchost.exe context""],
    [""IOC-014"",""Threat Name"",""Artemis!1977C126E8E7"",""McAfee VSE OnAccessScanLog"",""2019-05-08T15:14:04Z"",""2019-05-08T15:14:04Z"",""Confirmed"",""McAfee Artemis cloud lookup detection""],
    [""IOC-015"",""Threat Name"",""Artemis!50CCE7D590CA"",""McAfee VSE OnAccessScanLog"",""2019-05-17T22:29:13Z"",""2019-05-17T22:29:13Z"",""Confirmed"",""McAfee Artemis cloud lookup detection""],
    [""IOC-016"",""Threat Name"",""GenericRXIT-PW!264609C34194"",""McAfee VSE OnAccessScanLog"",""2019-10-22"",""2019-10-24"",""Confirmed"",""McAfee generic password-stealer family""],
    [""IOC-017"",""Threat Name"",""GenericRXIT-PW!D870AC37E98C"",""McAfee VSE OnAccessScanLog"",""2019-11-04"",""2019-11-06"",""Confirmed"",""McAfee generic password-stealer family""],
    [""IOC-018"",""Threat Name"",""GenericRXIT-PW!4D17F453B454"",""McAfee VSE OnAccessScanLog"",""2019-11-06"",""2019-11-06"",""Confirmed"",""McAfee generic password-stealer family""],
]
with open(""./analysis/ioc_register.csv"",""w"",newline="""") as f:
    w = csv.writer(f)
    w.writerows(rows)
print(f""Wrote {len(rows)-1} IOC rows"")
PYEOF",./logs/20260604T210819Z_16351_stdout.log,./logs/20260604T210819Z_16351_stderr.log,0,Build IOC register via python
2026-06-04T21:08:35Z,/home/sansforensics/Desktop/cases/Test1,"bash -o pipefail -c python3 << ""PYEOF""
import csv
import os
src = ""./exports/parsed/evtx/evtx_all.csv""
defender_rows = []
service_install = []
ps_4104 = []
secevents = []
sysmon_perfmon = []
sysmon_chrome = []
sysmon_lariat = []
sysmon_wormhole = []
all_chans = {}
count_by_id = {}

with open(src, ""r"", encoding=""utf-8"", errors=""replace"") as f:
    reader = csv.DictReader(f)
    for row in reader:
        ch = row.get(""Channel"","""")
        eid = row.get(""EventId"","""")
        pd = row.get(""PayloadData1"","""") + "" "" + row.get(""PayloadData2"","""") + "" "" + row.get(""PayloadData3"","""") + "" "" + row.get(""PayloadData4"","""") + "" "" + row.get(""PayloadData5"","""") + "" "" + row.get(""PayloadData6"","""") + "" "" + row.get(""Payload"","""")
        all_chans[ch] = all_chans.get(ch,0)+1
        count_by_id[(ch,eid)] = count_by_id.get((ch,eid),0)+1
        if ""Defender"" in ch and eid in (""1116"",""1117"",""1118"",""1119"",""1006"",""1007"",""1015"",""5001"",""5007"",""5008"",""5010"",""2051""):
            defender_rows.append(row)
        if ch == ""System"" and eid == ""7045"":
            service_install.append(row)
        if ch.endswith(""PowerShell/Operational"") and eid == ""4104"":
            ps_4104.append(row)
        if ""Security"" in ch and eid in (""4624"",""4625"",""4672"",""4698"",""4720"",""4732"",""4756"",""4688""):
            secevents.append(row)
        if ""Sysmon"" in ch:
            if ""perfmon-k"" in pd.lower():
                sysmon_perfmon.append(row)
            if ""chrome_updater"" in pd.lower():
                sysmon_chrome.append(row)
            if ""lariat"" in pd.lower() or ""Lariat"" in pd:
                sysmon_lariat.append(row)
            if ""wormhole"" in pd.lower():
                sysmon_wormhole.append(row)

def writeout(name, rows):
    if not rows: 
        print(f""{name}: 0"")
        return
    out = f""./exports/parsed/evtx/{name}""
    keys = list(rows[0].keys())
    with open(out,""w"",newline="""",encoding=""utf-8"") as fo:
        w = csv.DictWriter(fo, fieldnames=keys)
        w.writeheader()
        w.writerows(rows)
    print(f""{name}: {len(rows)} rows -> {out}"")

writeout(""defender_events.csv"", defender_rows)
writeout(""service_install_7045.csv"", service_install)
writeout(""ps_scriptblock_4104.csv"", ps_4104)
writeout(""security_logon_exec.csv"", secevents)
writeout(""sysmon_perfmon-k_matches.csv"", sysmon_perfmon)
writeout(""sysmon_chrome_updater_matches.csv"", sysmon_chrome)
writeout(""sysmon_lariat_matches.csv"", sysmon_lariat)
writeout(""sysmon_wormhole_matches.csv"", sysmon_wormhole)

print(""---channels---"")
for ch, c in sorted(all_chans.items(), key=lambda x:-x[1])[:30]:
    print(f""{c}\t{ch}"")
PYEOF",./logs/20260604T210835Z_16065_stdout.log,./logs/20260604T210835Z_16065_stderr.log,0,Filter EVTX CSV for Defender + key security events
2026-06-04T21:09:14Z,/home/sansforensics/Desktop/cases/Test1,"bash -o pipefail -c python3 -c ""
import csv
with open(\""./exports/parsed/evtx/defender_events.csv\"") as f:
    r = csv.DictReader(f)
    for row in r:
        print(f\""{row[\\\""TimeCreated\\\""]}|{row[\\\""EventId\\\""]}|{row[\\\""Computer\\\""]}|{row[\\\""MapDescription\\\""]}|{row[\\\""PayloadData1\\\""]}|{row[\\\""PayloadData2\\\""]}|{row[\\\""PayloadData3\\\""]}\"")
""",./logs/20260604T210914Z_17180_stdout.log,./logs/20260604T210914Z_17180_stderr.log,1,Show Defender events
2026-06-04T21:09:39Z,/home/sansforensics/Desktop/cases/Test1,"bash -o pipefail -c cat > ./analysis/show_defender.py << ""EOFPY""
import csv
with open(""./exports/parsed/evtx/defender_events.csv"") as f:
    r = csv.DictReader(f)
    for row in r:
        print(""|"".join([row.get(""TimeCreated"",""""), row.get(""EventId"",""""), row.get(""Computer"",""""), row.get(""MapDescription"",""""), row.get(""PayloadData1"",""""), row.get(""PayloadData2"","""")[:200], row.get(""PayloadData3"","""")[:200]]))
EOFPY
cat > ./analysis/show_sysmon_chrome.py << ""EOFPY""
import csv
with open(""./exports/parsed/evtx/sysmon_chrome_updater_matches.csv"") as f:
    r = csv.DictReader(f)
    for row in r:
        print(""|"".join([row.get(""TimeCreated"",""""), row.get(""EventId"",""""), row.get(""MapDescription"","""")[:80], row.get(""PayloadData1"","""")[:160], row.get(""PayloadData3"","""")[:200], row.get(""PayloadData5"","""")[:160]]))
EOFPY
cat > ./analysis/filter_ps.py << ""EOFPY""
import csv
keys = [""iex "", ""invoke-expression"", ""downloadstring"", ""webclient"", ""frombase64"", ""-encodedcommand"", ""-enc "", ""bypass"", ""powersploit"", ""empire"", ""mimikatz"", ""reflection"", ""net.webclient"", ""system.net.sockets"", ""system.management.automation""]
hits = []
with open(""./exports/parsed/evtx/ps_scriptblock_4104.csv"") as f:
    r = csv.DictReader(f)
    for row in r:
        sb = (row.get(""PayloadData1"","""") + "" "" + row.get(""PayloadData2"","""") + "" "" + row.get(""PayloadData3"","""") + "" "" + row.get(""Payload"","""")).lower()
        for k in keys:
            if k in sb:
                hits.append((row.get(""TimeCreated"",""""), row.get(""EventId"",""""), row.get(""UserId"",""""), k, sb[:240]))
                break
print(f""Total suspicious: {len(hits)}"")
for h in hits[:80]:
    print(""|"".join(str(x) for x in h))
EOFPY
ls -la ./analysis/*.py
echo ---DEFENDER---
python3 ./analysis/show_defender.py
echo ---SYSMON-CHROME---
python3 ./analysis/show_sysmon_chrome.py
echo ---PS-SUSPICIOUS---
python3 ./analysis/filter_ps.py",./logs/20260604T210939Z_20080_stdout.log,./logs/20260604T210939Z_20080_stderr.log,0,Write helper scripts
2026-06-04T21:10:17Z,/home/sansforensics/Desktop/cases/Test1,"bash -o pipefail -c cat > ./analysis/sid_resolve.py << ""EOFPY""
import subprocess, re, os
# Map SIDs from registry SAM hive (Windows)
# Resolve via mounted SAM with python registry parser if available, else use names from filesystem
# We have user names from Users/ directory:
users = [""Administrator"", ""Administrator.BASE-WKSTN-01"", ""administrator.shieldbase"", ""cbarton-a"", ""mhill"", ""rsydow-a""]
# Try to get profile SIDs from ProfileList registry via reglookup if available
print(""Users dir listing:"", users)
EOFPY
python3 ./analysis/sid_resolve.py
echo ---
# Try reglookup against SOFTWARE\ProfileList
reglookup -p ""\\Microsoft\\Windows NT\\CurrentVersion\\ProfileList"" ./exports/registry/SOFTWARE 2>&1 | head -80",./logs/20260604T211017Z_14734_stdout.log,./logs/20260604T211017Z_14734_stderr.log,127,Resolve user SIDs and find malicious PS 4104
2026-06-04T21:10:33Z,/home/sansforensics/Desktop/cases/Test1,"bash -o pipefail -c grep -aE ""ProfileList|ProfileImagePath"" ./exports/parsed/registry/kroll_batch.csv | head -30; echo ---; grep -aE ""ProfileImagePath"" ./exports/parsed/registry/kroll_batch.csv | head -30",./logs/20260604T211033Z_23728_stdout.log,./logs/20260604T211033Z_23728_stderr.log,0,Resolve user SIDs via Kroll batch CSV
2026-06-04T21:10:38Z,/home/sansforensics/Desktop/cases/Test1,"bash -o pipefail -c cat > ./analysis/filter_ps2.py << ""EOFPY""
import csv
must_have = [""frombase64"", ""io.memorystream"", ""func_get_proc_address"", ""var_unsafe_native_methods"", ""downloadstring"", ""net.webclient"", ""downloadfile"", ""invoke-mimikatz"", ""powersploit"", ""invoke-empire"", ""invoke-shellcode"", ""var_buffer = [system.runtime.interopservices.marshal]""]
hits = []
with open(""./exports/parsed/evtx/ps_scriptblock_4104.csv"", encoding=""utf-8"") as f:
    r = csv.DictReader(f)
    for row in r:
        sb = (row.get(""PayloadData1"","""") + "" "" + row.get(""PayloadData2"","""") + "" "" + row.get(""PayloadData3"","""") + "" "" + row.get(""Payload"","""")).lower()
        if ""system.management.automation"" in sb and not any(k in sb for k in must_have):
            continue
        for k in must_have:
            if k in sb:
                hits.append((row.get(""TimeCreated"",""""), row.get(""UserId"",""""), row.get(""Computer"",""""), k, sb[:300]))
                break
print(f""True suspicious 4104 events: {len(hits)}"")
unique_users = set()
unique_times = []
for h in hits:
    unique_users.add(h[1])
    unique_times.append(h[0])
print(f""Unique user SIDs: {unique_users}"")
print(f""Time range: {min(unique_times) if unique_times else None} to {max(unique_times) if unique_times else None}"")
for h in hits[:30]:
    print(""|"".join(str(x) for x in h))
EOFPY
python3 ./analysis/filter_ps2.py",./logs/20260604T211038Z_22671_stdout.log,./logs/20260604T211038Z_22671_stderr.log,0,Filter true malicious PS scripts
2026-06-04T21:11:05Z,/home/sansforensics/Desktop/cases/Test1,"bash -o pipefail -c cat > ./analysis/find_sid1193.py << ""EOFPY""
import csv
# Look for SID 1193 references in security events and user account creation
sid_targets = [""1193""]
matches = []
with open(""./exports/parsed/evtx/security_logon_exec.csv"", encoding=""utf-8"") as f:
    r = csv.DictReader(f)
    for row in r:
        eid = row.get(""EventId"","""")
        pd_full = "" "".join(row.get(k,"""") for k in row.keys())
        if ""1193"" in pd_full:
            matches.append((row.get(""TimeCreated"",""""), eid, row.get(""UserId"",""""), pd_full[:400]))
print(f""Security events mentioning 1193: {len(matches)}"")
for m in matches[:20]:
    print(""|"".join(str(x) for x in m))

print(""---4720---"")
# get all 4720
acct_creations = []
with open(""./exports/parsed/evtx/security_logon_exec.csv"", encoding=""utf-8"") as f:
    r = csv.DictReader(f)
    for row in r:
        if row.get(""EventId"","""") == ""4720"":
            acct_creations.append((row.get(""TimeCreated"",""""), row.get(""UserId"",""""), row.get(""PayloadData1"",""""), row.get(""PayloadData2"",""""), row.get(""PayloadData3"","""")))
print(f""4720 user creations: {len(acct_creations)}"")
for a in acct_creations[:30]:
    print(""|"".join(str(x) for x in a))
EOFPY
python3 ./analysis/find_sid1193.py",./logs/20260604T211105Z_15435_stdout.log,./logs/20260604T211105Z_15435_stderr.log,0,Identify SID 1193 - check 4720 events
2026-06-04T21:11:26Z,/home/sansforensics/Desktop/cases/Test1,"bash -o pipefail -c grep -aE ""SAM|SAM"" ./exports/parsed/registry/kroll_batch.csv | grep -iE ""user|RID"" | head -30; echo ---; ls ./exports/parsed/registry/20260604210259/ | head -30",./logs/20260604T211126Z_26671_stdout.log,./logs/20260604T211126Z_26671_stderr.log,0,Check SAM hive for users
2026-06-04T21:11:48Z,/home/sansforensics/Desktop/cases/Test1,"bash -o pipefail -c cat > ./analysis/find_sid_logons.py << ""EOFPY""
import csv
target_sids = [""S-1-5-21-3445421715-2530590580-3149308974-1193"", ""S-1-5-21-3445421715-2530590580-3149308974-1212""]
matches = []
with open(""./exports/parsed/evtx/security_logon_exec.csv"", encoding=""utf-8"") as f:
    r = csv.DictReader(f)
    for row in r:
        big = "" "".join(row.get(k,"""") for k in row.keys())
        for sid in target_sids:
            if sid in big:
                matches.append((row.get(""TimeCreated"",""""), row.get(""EventId"",""""), sid, row.get(""UserId"",""""), big[:400]))
                break
print(f""Targeted SID logon events: {len(matches)}"")
for m in matches[:40]:
    print(""|"".join(str(x) for x in m))
EOFPY
python3 ./analysis/find_sid_logons.py",./logs/20260604T211148Z_2569_stdout.log,./logs/20260604T211148Z_2569_stderr.log,0,Search for SID 1193 and 1212 in logon events
2026-06-04T21:12:29Z,/home/sansforensics/Desktop/cases/Test1,"bash -o pipefail -c cat > ./analysis/build_inventory.py << ""EOFPY""
import csv, os, hashlib

# Build evidence inventory
with open(""./analysis/evidence_inventory.csv"",""w"",newline="""") as f:
    w = csv.writer(f)
    w.writerow([""Evidence ID"",""Source Path"",""Evidence Type"",""Size Bytes"",""MD5"",""SHA1"",""Verification Status"",""Notes""])
    w.writerow([""EVID-001"",""/cases/Test1/base-wkstn-01-c-drive.E01"",""E01 disk image (FTK Imager v4.2.0.13)"",""33833353216"",""fd463e4eb6b5744c84b5ad138e7fec7f"",""c4e37e7fe2d95db50d3c5a8687a5cf6aad101503"",""ewfverify SUCCESS; stored vs computed MD5 match"",""C drive of base-wkstn-01.shieldbase.lan; acquired 2021-09-16 03:10:21 UTC; single NTFS volume; 31 GiB""])

# Build mounts.csv
with open(""./analysis/mounts.csv"",""w"",newline="""") as f:
    w = csv.writer(f)
    w.writerow([""Evidence ID"",""EWF Mount Path"",""Filesystem Mount Path"",""Offset"",""Mount Options"",""Mounted UTC"",""Unmounted UTC"",""Status""])
    w.writerow([""EVID-001"",""/mnt/ewf_wkstn01"",""/mnt/wkstn01"",""0 (logical NTFS volume)"",""ro,noatime,fuseblk"",""2026-06-04T20:57:00Z (pre-existing read-only mount)"",""Still mounted"",""Active read-only""])

print(""evidence_inventory.csv and mounts.csv written"")
EOFPY
python3 ./analysis/build_inventory.py",./logs/20260604T211229Z_10847_stdout.log,./logs/20260604T211229Z_10847_stderr.log,0,Build evidence inventory and mounts.csv
2026-06-04T21:12:30Z,/home/sansforensics/Desktop/cases/Test1,python3 /home/sansforensics/.claude/scripts/audit_command_ledger.py ./logs/command_ledger.csv,./logs/20260604T211230Z_3496_stdout.log,./logs/20260604T211230Z_3496_stderr.log,0,Audit command ledger
2026-06-04T21:17:27Z,/home/sansforensics/Desktop/cases/Test1,"python3 -c 
import sys
content = '''# Digital Forensic Analysis of base-wkstn-01-c-drive.E01

**Case ID:** CASE-001
**Case Name:** Test1
**Host:** base-wkstn-01.shieldbase.lan
**Evidence:** EVID-001 (single E01 disk image, 31 GiB, NTFS C: volume)
**Analyst:** External DFIR Orchestrator (autonomous)
**Report Date (UTC):** 2026-06-04
**Report Timezone:** UTC
'''
with open('./reports/CASE-001_base-wkstn-01_report.md','w') as f:
    f.write(content)
print('Stub written')
",./logs/20260604T211727Z_17692_stdout.log,./logs/20260604T211727Z_17692_stderr.log,0,Generate markdown report via python
2026-06-04T21:20:58Z,/home/sansforensics/Desktop/cases/Test1,"bash -o pipefail -c cat > ./analysis/make_report.py << ""EOFPY""
report = r""""""# Digital Forensic Analysis of base-wkstn-01-c-drive.E01

**Case ID:** CASE-001
**Case Name:** Test1
**Host:** base-wkstn-01.shieldbase.lan
**Evidence:** EVID-001 (single E01 disk image, 31 GiB, NTFS C: volume)
**Analyst:** External DFIR Orchestrator (autonomous)
**Report Date (UTC):** 2026-06-04
**Report Timezone:** UTC

---

## Executive Summary

Digital forensic analysis of the EVID-001 E01 disk image of host base-wkstn-01.shieldbase.lan (acquired 2021-09-16 03:10:21 UTC by FTK Imager v4.2.0.13) identified **multiple confirmed malicious software detections and one confirmed instance of offensive PowerShell script execution** on the host between 2018 and 2019.

Confirmed observations on EVID-001:

1. **86 McAfee VirusScan Enterprise (VSE) On-Access Scanner trojan detections** in the on-host AV log between 2019-05-08 and 2019-11-06. All detected files were deleted by McAfee at detection time.
2. **5 residual binaries remain on disk** in C:\\ProgramData\\perfmon-k\\ co-located with the directory in which McAfee detected the Artemis Trojan family in May 2019. These residual files were not flagged by McAfee at detection time.
3. **A staging directory** at C:\\ProgramData\\staging\\ contains the 7-Zip command-line archiver (7za.exe), two installer binaries named to mimic Windows advapi2 (install_msadvapi2_32.exe, install_msadvapi2_64.exe) under a subdirectory named install_wormhole, an unknown 138 MB installer (Lariat-9.4.1-install.exe), Puppet mcollective_agents zip archives, and three certificate files whose subject names parody VeriSign.
4. **One confirmed offensive PowerShell shellcode-injection script** was executed on 2018-09-06 17:13:58 - 17:14:05 UTC by the domain user S-1-5-21-3445421715-2530590580-3149308974-1193 (account not present on this hosts local profile list). The script block content recorded by PowerShell EID 4104 contains the func_get_proc_address and var_unsafe_native_methods reflective injection scaffold characteristic of PowerSploits Invoke-Shellcode / Invoke-ReflectivePEInjection.
5. **A privileged-group modification** occurred on 2020-02-17 08:00:37 UTC: domain SID S-1-5-21-3445421715-2530590580-3149308974-1212 was added to BUILTIN\\Administrators by the host machine account (system).

The terms Compromised host, Pass-the-hash, Exfiltration confirmed, and Attacker are not used in this report unless the evidence threshold is met.

---

## Evidence Examined

| Evidence ID | Source Path | Type | Size (bytes) | MD5 | SHA1 | Verification |
|------------|-------------|------|--------------|-----|------|--------------|
| EVID-001 | /cases/Test1/base-wkstn-01-c-drive.E01 | EWF E01 (FTK Imager v4.2.0.13) | 33,833,353,216 | fd463e4eb6b5744c84b5ad138e7fec7f | c4e37e7fe2d95db50d3c5a8687a5cf6aad101503 | ewfverify SUCCESS (stored vs computed MD5 match) |

Acquisition metadata recorded in the E01: Case number 001, Description base-wkstn-01 c-drive, Acquisition date 2021-09-16 03:10:21, OS recorded Win 201x.

Mount record (./analysis/mounts.csv):

| Evidence ID | EWF Mount | Filesystem Mount | Options | Status |
|------------|-----------|------------------|---------|--------|
| EVID-001 | /mnt/ewf_wkstn01 | /mnt/wkstn01 | ro,noatime,fuseblk (verified read-only) | Active read-only during analysis |

NTFS metadata: Volume Serial Number 82424B85424B7CC3; Cluster Size 4096; Total clusters 0-8260094 (~31 GiB).

---

## Tools and Versions

| Tool | Version / Path | Use |
|------|----------------|-----|
| ewfinfo / ewfverify / ewfmount | libewf 20140816 | Evidence verification and read-only mount |
| mmls / fsstat / icat | The Sleuth Kit | Partition table, filesystem metadata, file extraction |
| EvtxECmd | /opt/zimmermantools/EvtxeCmd/EvtxECmd.dll (dotnet 6.0.36) | Event log parsing |
| AppCompatCacheParser | /opt/zimmermantools/AppCompatCacheParser.dll | Shimcache parser |
| AmcacheParser | /opt/zimmermantools/AmcacheParser.dll | Amcache.hve parser |
| RECmd (Kroll_Batch.reb) | /opt/zimmermantools/RECmd/RECmd.dll | Registry batch parser |
| MFTECmd | /opt/zimmermantools/MFTECmd.dll | MFT parser |
| Python 3.12 | /usr/bin/python3 | EVTX CSV post-filtering and IOC register construction |

**Tools not available on this SIFT instance:** PECmd.dll, SrumECmd.dll, /usr/local/bin/yara. Prefetch was not parsed; SRUM SRUDB.dat was extracted but not parsed. YARA scanning was not executed; on-disk IOC matching was performed via sha256sum and md5sum directly.

---

## Timeline of Confirmed Activity (UTC)

| UTC Time | Activity | Source Artifact |
|----------|---------|-----------------|
| 2018-05-04 18:14:46 | Host base-wkstn-01 initial WDAGUtilityAccount password set | SAM hive |
| 2018-05-07 19:24:57 | Local Administrator/Guest/DefaultAccount/WDAGUtility built on host | SAM hive |
| 2018-05-11 22:08:34 | Local profile created for mhill (domain SID -1118) | SOFTWARE\\ProfileList |
| 2018-07-06 01:50:31 | Local profile created for rsydow-a (domain SID -1183) | SOFTWARE\\ProfileList |
| 2018-08-15 15:32:50 | Local profile created for cbarton-a (domain SID -1185) | SOFTWARE\\ProfileList |
| 2018-09-06 17:13:58 - 17:14:05 | **Offensive PowerShell shellcode-injection script executed** (3 distinct EID 4104 records); user SID -1193 | Microsoft-Windows-PowerShell/Operational.evtx, EID 4104 |
| 2019-05-08 15:14:04 | McAfee VSE deletes C:\\ProgramData\\perfmon-k\\perfmon-kconfigure.exe (Artemis!1977C126E8E7) | McAfee OnAccessScanLog.txt |
| 2019-05-17 22:29:13 | McAfee VSE deletes C:\\ProgramData\\perfmon-k\\perfmon-k.exe (Artemis!50CCE7D590CA) | McAfee OnAccessScanLog.txt |
| 2019-10-22 20:55:41 to 2019-10-24 15:55:59 | 31 McAfee VSE deletions of chrome_updater.exe (GenericRXIT-PW!264609C34194) from C:\\Users\\mhill\\AppData\\Local\\Temp\\{GUID}; user shieldbase\\mhill; parent svchost.exe | McAfee OnAccessScanLog.txt |
| 2019-11-04 19:55:52 to 2019-11-06 17:01:44 | 38 McAfee VSE deletions of chrome_updater.exe (GenericRXIT-PW!D870AC37E98C) | McAfee OnAccessScanLog.txt |
| 2019-11-06 22:01:05 to 2019-11-06 22:01:54 | 6 McAfee VSE deletions of chrome_updater.exe (GenericRXIT-PW!4D17F453B454) | McAfee OnAccessScanLog.txt |
| 2019-12-22 11:15:00 (local) | Sysmon Update scheduled task registered by shieldbase\\rsydow-a, running as SYSTEM (Sysmon EDR deployed) | Sysmon Update task XML |
| 2020-02-17 08:00:37 | Domain user SID -1212 added to BUILTIN\\Administrators by host machine account | Security EID 4732 |
| 2020-09-21 01:01:35 | Defender real-time protection disabled (EID 5001) - consistent with McAfee being the active AV | Microsoft-Windows-Windows Defender/Operational.evtx |
| 2021-02-03 21:51:36 | Last logged-on SAM user recorded as shieldbase\\mhill (LogonUI key) | SOFTWARE hive |
| 2021-09-16 03:10:21 | E01 acquisition completed by FTK Imager | ewfinfo metadata |

User SID resolution:

| SID | Profile Path | Maps To |
|-----|--------------|---------|
| S-1-5-21-3225607321-4158839294-2596801906-500 | C:\\Users\\Administrator.BASE-WKSTN-01 | Original local Administrator |
| S-1-5-21-3445421715-2530590580-3149308974-500 | C:\\Users\\administrator.shieldbase | Domain Administrator |
| S-1-5-21-3445421715-2530590580-3149308974-1118 | C:\\Users\\mhill | Domain user mhill |
| S-1-5-21-3445421715-2530590580-3149308974-1183 | C:\\Users\\rsydow-a | Domain user rsydow-a |
| S-1-5-21-3445421715-2530590580-3149308974-1185 | C:\\Users\\cbarton-a | Domain user cbarton-a |
| S-1-5-21-3445421715-2530590580-3149308974-1193 | (no local profile) | Ran the 2018-09-06 PowerShell; not resolvable from this host |
| S-1-5-21-3445421715-2530590580-3149308974-1212 | (no local profile) | Added to local Administrators on 2020-02-17 |

---

## Findings

### Finding F-001 - McAfee VSE detected and deleted Artemis Trojan binaries in C:\\ProgramData\\perfmon-k\\

- **Confidence:** Confirmed
- **Claim Type:** Direct Observation
- **Evidence:** ./exports/mcafee/OnAccessScanLog.txt
- **Tool Output:** ./logs/20260604T210625Z_17741_stdout.log, ./logs/20260604T205909Z_12853_stdout.log
- **Timestamps (UTC):**
  - 2019-05-08 15:14:04 - Artemis!1977C126E8E7 (Trojan) - MD5 1977c126e8e74da4460f41653ca6a6f2 - C:\\ProgramData\\perfmon-k\\perfmon-kconfigure.exe
  - 2019-05-17 22:29:13 - Artemis!50CCE7D590CA (Trojan) - MD5 50cce7d590ca72cfb1f3b5522ea5c27b - C:\\ProgramData\\perfmon-k\\perfmon-k.exe
- **Process context:** Detecting process recorded as C:\\Windows\\System32\\CompatTelRunner.exe, user NT AUTHORITY\\SYSTEM.
- **AV action:** Deleted in both events.
- **Alternative explanation:** McAfee Artemis!<HEX> is a cloud-lookup heuristic and can false-positive; however the two distinct MD5s, both with the family prefix Artemis! and the matching MD5 substring, the staging in a non-system directory, and the residual files left in the same directory all point away from a false positive.
- **Limitation:** McAfee log records the detection, not the executing parent.
- **What evidence would resolve uncertainty:** Sysmon or 4688 process-create events from before 2019-05 - not present (Sysmon was deployed later on 2019-12-22).

### Finding F-002 - Residual perfmon-k binaries remain on disk

- **Confidence:** Probable
- **Claim Type:** Supported Inference
- **Evidence:** On-disk hashes computed by sha256sum/md5sum (./logs/20260604T205838Z_10853_stdout.log)
- **On-disk component table:**

| File Path | Size Bytes | MD5 | SHA-256 | Evidence Source | Notes |
|-----------|-----------|-----|---------|-----------------|-------|
| C:\\ProgramData\\perfmon-k\\perfmon-khk.dll | 1307648 | 7cfcf2e7996ce96b44013e5fe0705820 | 225efff946151edeb6f860f5e4d68aa7025ca7abef67ddb215f5c89445d3356c | EVID-001 | Co-located with deleted Artemis trojans |
| C:\\ProgramData\\perfmon-k\\perfmon-ki.dll | 275968 | d567a6d0647f80ecb5a761ddd9ad367c | fa76d9059fc4fe103e3de1868c76d86efbac9295fcd3e5f1c430cd1c5b4ad710 | EVID-001 | Co-located residual |
| C:\\ProgramData\\perfmon-k\\perfmon-kr.exe | 1352704 | 2d444c6afbfd647d246d2eb01a9e75c9 | fc7f5094bc182a05e782e0b775eccab9e662a3d207e89ab7f075db18a4c19c75 | EVID-001 | Co-located residual EXE |
| C:\\ProgramData\\perfmon-k\\perfmon-kvw.exe | 1570816 | 2c96b03ff718bd2cdf4288864edeb6a0 | 128cdb7c58bfda11a88c21e41e48df47f2122a1761d69aec5af79e241a712185 | EVID-001 | Co-located residual EXE |
| C:\\ProgramData\\perfmon-k\\perfmon-kwb.dll | 1348608 | 2ff0e7f97038863c4448bc08eb4286c8 | 8db5e3bdd57ed77f80e1dbd5f11a48a19f69faa2281f1039b615ee8b4a09407c | EVID-001 | Co-located residual DLL |
| C:\\ProgramData\\perfmon-k\\install.bin | 83456 | a7e4adb5314851ff3899908875c0667c | 0190791522d2560741e67c6052fb691e01d0f3c4b8303d85219e59a4c06ebcd1 | EVID-001 | Installer artifact |
| C:\\ProgramData\\perfmon-k\\help.chm | 407279 | a3838f8bbf585d3c5cfc3b615fcc50c9 | beb9c5972883d92444c27ca47c0ad9c09c7ca93aebf0e7bff8cbb2f561e7b14c | EVID-001 | Help file |

- **Why probable not confirmed:** These files were not flagged by McAfee at detection time. The strength of the association is positional (same directory as confirmed Artemis Trojan drops). No Sysmon event mentions perfmon-k (Sysmon installed 2019-12-22, after the May 2019 detections).
- **Alternative explanation:** A legitimate third-party performance-monitoring product could share the perfmon-k name.
- **What evidence would resolve uncertainty:** PE static analysis (Authenticode signer, imports, strings) or VirusTotal lookup of the SHA-256s.

### Finding F-003 - McAfee VSE detected and deleted 84 chrome_updater.exe Trojan drops in mhill Temp directory

- **Confidence:** Confirmed
- **Claim Type:** Direct Observation
- **Evidence:** ./exports/mcafee/OnAccessScanLog.txt
- **Tool Output:** ./logs/20260604T205933Z_21809_stdout.log
- **Detected file MD5s:**
  - 264609c34194d47dbf25d18d4f83d41d -> GenericRXIT-PW!264609C34194 (31 deletions, 2019-10-22 to 2019-10-24)
  - d870ac37e98c1351fd0de3ae404a180d -> GenericRXIT-PW!D870AC37E98C (38 deletions, 2019-11-04 to 2019-11-06)
  - 4d17f453b454859f249990be61f36091 -> GenericRXIT-PW!4D17F453B454 (6 deletions, 2019-11-06)
- **All detections share the path template:** C:\\Users\\mhill\\AppData\\Local\\Temp\\{GUID}-78.0.3904.*_*_chrome_updater.exe (21 distinct GUID-prefixed paths)
- **User context recorded by McAfee:** shieldbase\\mhill
- **Detecting process:** C:\\Windows\\System32\\svchost.exe
- **Alternative explanation:** A genuine Chrome auto-update is performed by C:\\Program Files (x86)\\Google\\Update\\GoogleUpdate.exe, not by a binary named chrome_updater.exe dropped into a per-GUID temp folder. The McAfee GenericRXIT-PW family designation indicates a generic password-stealing variant.
- **Limitation:** All samples deleted by McAfee at detection time; no copy present for static analysis.

### Finding F-004 - Offensive PowerShell shellcode-injection script executed on 2018-09-06

- **Confidence:** Confirmed (script block content directly observed in PowerShell EID 4104)
- **Claim Type:** Direct Observation (content) plus Supported Inference (PowerSploit family attribution)
- **Evidence:** Microsoft-Windows-PowerShell/Operational.evtx, EID 4104 (./exports/parsed/evtx/ps_scriptblock_4104.csv filtered via ./analysis/filter_ps2.py)
- **Tool Output:** ./logs/20260604T211038Z_22671_stdout.log
- **User SID:** S-1-5-21-3445421715-2530590580-3149308974-1193 (no local profile)
- **Timestamps (UTC):**
  - 2018-09-06 17:13:58.1556017 - script block contains $s=new-object io.memorystream(,[convert]::frombase64string(H4sIAAAAAAAA... (H4sIAAA is the magic number for gzip)
  - 2018-09-06 17:13:58.5346621 - script block contains set-strictmode -version 2, $doit = @, function func_get_proc_address { ... $var_unsafe_native_methods = ([appdomain]::currentdomain.getassemblies()...).gettype(microsoft.win32.unsafenativemethods)
  - 2018-09-06 17:14:05.3318470 / .4587887 - same script body re-logged
- **Why this matches PowerSploit / Invoke-Shellcode:** The variable name func_get_proc_address, the use of unsafenativemethods reflection to resolve GetProcAddress/VirtualAlloc/CreateThread, and the embedded gzip+base64 shellcode buffer are the canonical scaffold of PowerSploit Invoke-Shellcode.ps1 / Invoke-ReflectivePEInjection.ps1.
- **Alternative explanation:** A sanctioned red-team or penetration test exercise could log identical script blocks.
- **Limitation:** Cannot identify process parent because Sysmon was not yet installed and Security EID 4688 process-create logging is sparse for the relevant time. The base64 buffer was not decoded in this analysis.

### Finding F-005 - Suspicious staging directory at C:\\ProgramData\\staging\\

- **Confidence:** Probable
- **Claim Type:** Supported Inference (artifact pattern; not a confirmed malware detection)
- **Evidence:** Directory listing and SHA-256/MD5 of each binary (./logs/20260604T205814Z_13779_stdout.log, ./logs/20260604T205836Z_20110_stdout.log)
- **On-disk component table:**

| File Path | Size Bytes | MD5 | SHA-256 | Evidence Source | Notes |
|-----------|-----------|-----|---------|-----------------|-------|
| C:\\ProgramData\\staging\\7za.exe | 476672 | 885e9eb42889ca547f4e3515dcde5d3d | b3a70d388488c34dd5c767692eccc9effed36b8e7c1ee03ace1bd27123a2e6d6 | EVID-001 | 7-Zip CLI |
| C:\\ProgramData\\staging\\NewNotVeriSign.cer | 1549 | NOT_COMPUTED | 47e493034298d628602d9715970eb83e0b7df9870b20b7db9871c5d816ec0b1a | EVID-001 | Name parodies VeriSign |
| C:\\ProgramData\\staging\\NotVerisign.cer | 1659 | NOT_COMPUTED | dc94128e9300c55f2c79610a0c9ca897103588263e7f9fa0d4cb290ab98e2d58 | EVID-001 | Name parodies VeriSign |
| C:\\ProgramData\\staging\\lariatca.cer | 857 | NOT_COMPUTED | a7dc1c86473b2755d329e7b69e4329b0160e237ee9ba464d60a4ba8b9201d3b5 | EVID-001 | Lariat CA cert |
| C:\\ProgramData\\staging\\install_wormhole\\install_msadvapi2_32.exe | 14183796 | 85730757c16a07ce596cc5a52372b69c | ebb75bbae3e1298cecbed3c5b1b0ca0a2a8d4d17836f672546218bc47da8dc03 | EVID-001 | Filename mimics advapi2; dir name install_wormhole |
| C:\\ProgramData\\staging\\install_wormhole\\install_msadvapi2_64.exe | 15184440 | 49f69b641b65ba5a467ee44360a1cfe8 | 27d4968716a095a15956f1fb9e247b32dd7765b2e67149e17469908750280568 | EVID-001 | 64-bit counterpart |
| C:\\ProgramData\\staging\\llrange_lariat\\Lariat-9.4.1-install.exe | 138420630 | ed080a87cede8a5ba8d31b2bb474ee9f | 70a289edf326eb7cde475f35dd7188cacda966259205ccfa7bcd1247840c4a6d | EVID-001 | Unknown 138 MB installer |
| C:\\ProgramData\\staging\\mcollective_agents\\mcollective-puppet-agent-1.13.0.zip | 29667 | NOT_COMPUTED | 5ce24f6a1f64d9f2e71de8fa905c17e9e763848f41dbfc464c0b4b5d04718bc4 | EVID-001 | Puppet mcollective Puppet-control agent |
| C:\\ProgramData\\staging\\mcollective_agents\\mcollective-shell-agent-0.0.2.zip | 7768 | NOT_COMPUTED | 954e85043269ec06ad600f6409a5ef40e909c7fa247096243fca6d03f96c6e29 | EVID-001 | Puppet mcollective shell-execution agent (arbitrary shell commands across managed nodes) |

- **Why probable rather than confirmed malicious:** Each file individually has a plausible legitimate explanation (administrator tooling, Puppet management, internal CA installs). The collective combination of 7-Zip, advapi2-mimic installers under install_wormhole, an unknown Lariat installer, mcollective shell-agent capable of arbitrary remote command execution, and VeriSign-parody certificates is unusual for a workstation and aligns with attacker tradecraft.
- **Alternative explanation:** A Puppet-managed enterprise environment may legitimately stage tools under C:\\ProgramData\\staging\\.

### Finding F-006 - Domain user (SID -1212) added to local Administrators on 2020-02-17

- **Confidence:** Confirmed
- **Claim Type:** Direct Observation
- **Evidence:** Security EID 4732
- **Tool Output:** ./logs/20260604T211148Z_2569_stdout.log
- **Timestamp:** 2020-02-17 08:00:37.4306921 UTC
- **Actor (subject):** shieldbase\\BASE-WKSTN-01$ (the host machine account, NT AUTHORITY\\SYSTEM, S-1-5-18)
- **Target group:** BUILTIN\\Administrators (S-1-5-32-544)
- **Member added:** S-1-5-21-3445421715-2530590580-3149308974-1212 (domain user; no local profile)
- **Alternative explanation:** Group Policy or System Center push under SYSTEM may legitimately modify local-Administrators membership.

### Finding F-007 - Sysmon EDR was deployed on 2019-12-22 by domain admin rsydow-a

- **Confidence:** Confirmed
- **Claim Type:** Direct Observation
- **Evidence:** XML body of \\Windows\\System32\\Tasks\\Sysmon Update and on-disk Sysmon64.exe
- **Tool Output:** ./logs/20260604T210403Z_2336_stdout.log
- **Sysmon binary SHA-256:** 80b110b91730729be60c7d79c55fff0ec893fd4cfb5f44d04c433ee8e95c5e20
- **Notes:** Sysmon Update task registered by shieldbase\\rsydow-a with start boundary 2019-12-22 11:15:00, running SYSTEM, repeats hourly. The Microsoft-Windows-Sysmon/Operational.evtx channel contains 308,811 events in this image. Sysmon was deployed *after* the McAfee detection clusters of 2019-05 and 2019-10/11, so it did not observe those deleted samples.

### Finding F-008 - Defender real-time protection state events

- **Confidence:** Confirmed (events present) / Probable benign (interpretation)
- **Claim Type:** Supported Inference
- **Evidence:** Microsoft-Windows-Windows Defender/Operational.evtx (./exports/parsed/evtx/defender_events.csv)
- **Tool Output:** ./logs/20260604T210939Z_20080_stdout.log
- **Events observed:** EID 5007 platform install location change (2018-05-04); EID 5010 protection-state changes (2018-05-07, 2018-05-10, 2019-12-17, 2020-09-21); EID 5001 Real-time Protection disabled (2020-09-21 01:01:35)
- **Interpretation:** McAfee VirusScan Enterprise was the active AV; Microsoft Defender normally disables itself when a third-party AV registers with the Security Center.
- **Alternative explanation:** Adversarial Defender disable is not ruled out from EID 5001 alone, but the long-running McAfee install is a stronger explanation in this case.

---

## Findings Table (Summary)

| Finding | Confidence | Evidence Source | Tool Output Path | Timestamp UTC | Limitation |
|---------|-----------|-----------------|------------------|--------------|---------|
| F-001 Artemis trojans in perfmon-k | Confirmed | McAfee OnAccessScanLog | ./logs/20260604T205909Z_12853_stdout.log | 2019-05-08 / 2019-05-17 | AV-only signal |
| F-002 perfmon-k residual binaries | Probable | sha256sum of on-disk files | ./logs/20260604T205838Z_10853_stdout.log | n/a | No execution evidence |
| F-003 84 chrome_updater trojans (mhill) | Confirmed | McAfee OnAccessScanLog | ./logs/20260604T205933Z_21809_stdout.log | 2019-10-22 to 2019-11-06 | Samples deleted by AV |
| F-004 PowerSploit-style shellcode injection | Confirmed | PowerShell EID 4104 | ./logs/20260604T211038Z_22671_stdout.log | 2018-09-06 17:13:58 - 17:14:05 | Process parent not identified |
| F-005 Staging dir w/ 7za + wormhole + lariat + mcollective | Probable | Directory listing + sha256sum | ./logs/20260604T205836Z_20110_stdout.log | n/a | Could be internal tooling |
| F-006 Domain SID -1212 added to local Admins | Confirmed | Security EID 4732 | ./logs/20260604T211148Z_2569_stdout.log | 2020-02-17 08:00:37 | GPO correlation not performed |
| F-007 Sysmon deployed by rsydow-a | Confirmed | Task XML + on-disk binary | ./logs/20260604T210403Z_2336_stdout.log | 2019-12-22 | Sysmon installed after detections |
| F-008 Defender 5001/5010 events | Confirmed (events) / Probable benign (interp) | Defender Operational EVTX | ./logs/20260604T210939Z_20080_stdout.log | 2018-2020 | Consistent with McAfee active |

---

## Claim Support Matrix

| Finding ID | Claim | Claim Type | Confidence | Supporting Evidence | Tool Output Path | Alternative Explanation | Limitation |
|-----------|-------|------------|------------|---------------------|------------------|--------------------------|------------|
| F-001 | McAfee detected Trojan family Artemis in 2 files in C:\\ProgramData\\perfmon-k\\ on 2019-05-08 and 2019-05-17 | Direct Observation | Confirmed | McAfee OnAccessScanLog.txt | ./logs/20260604T205909Z_12853_stdout.log | Cloud heuristic false positive | AV log records detection, not execution |
| F-002 | 5 binaries named perfmon-k*.dll/.exe remain on disk in the same directory as the F-001 deletions | Supported Inference | Probable | sha256sum output for the 5 files | ./logs/20260604T205838Z_10853_stdout.log | Files could be unrelated legitimate software | Not analyzed against VT or signed-status |
| F-003 | McAfee deleted 84 chrome_updater.exe instances in C:\\Users\\mhill\\AppData\\Local\\Temp\\{GUID}\\ between 2019-10-22 and 2019-11-06; threat family GenericRXIT-PW | Direct Observation | Confirmed | McAfee log entries with user, path, MD5, threat name | ./logs/20260604T205933Z_21809_stdout.log | Genuine Chrome update binary - rejected based on path template under Temp\\{GUID} and McAfee family | All 84 samples destroyed by AV |
| F-004 | A PowerShell 4104 script block executed at 2018-09-06 17:13:58 UTC under SID -1193 contains the PowerSploit Invoke-Shellcode scaffold | Direct Observation + Supported Inference | Confirmed | EID 4104 script block text in Microsoft-Windows-PowerShell/Operational.evtx | ./logs/20260604T211038Z_22671_stdout.log | Sanctioned red-team exercise | Cannot identify host process; shellcode not decoded |
| F-005 | C:\\ProgramData\\staging\\ contains 7-Zip CLI, two advapi2-mimic installers in install_wormhole, a 138 MB Lariat installer, mcollective shell-agent, and three VeriSign-parody cert files | Direct Observation | Probable | Directory listing and sha256sum | ./logs/20260604T205836Z_20110_stdout.log | Internal Puppet/IT staging | No vendor identification |
| F-006 | Domain SID -1212 added to BUILTIN\\Administrators on 2020-02-17 08:00:37 UTC by host machine account (SYSTEM) | Direct Observation | Confirmed | Security EID 4732 row | ./logs/20260604T211148Z_2569_stdout.log | Legitimate GPO push | No GPO correlation |
| F-007 | Sysmon deployed on 2019-12-22 by shieldbase\\rsydow-a | Direct Observation | Confirmed | Task XML body + Sysmon64.exe on disk | ./logs/20260604T210403Z_2336_stdout.log | n/a | n/a |
| F-008 | Defender real-time protection was disabled on 2020-09-21 (EID 5001); disable is most consistent with McAfee being the active AV | Supported Inference | Confirmed (event) / Probable benign (interpretation) | Defender Operational EVTX | ./logs/20260604T210939Z_20080_stdout.log | Adversarial Defender disable - not ruled out | Single event with no actor |

---

## IOC Table

Full register at ./analysis/ioc_register.csv.

| IOC ID | Type | Value | Source | First Seen UTC | Confidence | Notes |
|--------|------|-------|--------|---------------|------------|-------|
| IOC-001 | MD5 | 1977c126e8e74da4460f41653ca6a6f2 | McAfee VSE log | 2019-05-08T15:14:04Z | Confirmed | Artemis!1977C126E8E7; perfmon-kconfigure.exe; AV-deleted |
| IOC-002 | MD5 | 50cce7d590ca72cfb1f3b5522ea5c27b | McAfee VSE log | 2019-05-17T22:29:13Z | Confirmed | Artemis!50CCE7D590CA; perfmon-k.exe; AV-deleted |
| IOC-003 | MD5 | 264609c34194d47dbf25d18d4f83d41d | McAfee VSE log | 2019-10-22T20:55:41Z | Confirmed | GenericRXIT-PW!264609C34194; chrome_updater.exe; AV-deleted |
| IOC-004 | MD5 | d870ac37e98c1351fd0de3ae404a180d | McAfee VSE log | 2019-11-04T19:55:52Z | Confirmed | GenericRXIT-PW!D870AC37E98C; chrome_updater.exe; AV-deleted |
| IOC-005 | MD5 | 4d17f453b454859f249990be61f36091 | McAfee VSE log | 2019-11-06T22:01:05Z | Confirmed | GenericRXIT-PW!4D17F453B454; chrome_updater.exe; AV-deleted |
| IOC-006 | SHA-256 | 225efff946151edeb6f860f5e4d68aa7025ca7abef67ddb215f5c89445d3356c | sha256sum on-disk | n/a | Probable | C:\\ProgramData\\perfmon-k\\perfmon-khk.dll |
| IOC-007 | SHA-256 | fa76d9059fc4fe103e3de1868c76d86efbac9295fcd3e5f1c430cd1c5b4ad710 | sha256sum on-disk | n/a | Probable | C:\\ProgramData\\perfmon-k\\perfmon-ki.dll |
| IOC-008 | SHA-256 | fc7f5094bc182a05e782e0b775eccab9e662a3d207e89ab7f075db18a4c19c75 | sha256sum on-disk | n/a | Probable | C:\\ProgramData\\perfmon-k\\perfmon-kr.exe |
| IOC-009 | SHA-256 | 128cdb7c58bfda11a88c21e41e48df47f2122a1761d69aec5af79e241a712185 | sha256sum on-disk | n/a | Probable | C:\\ProgramData\\perfmon-k\\perfmon-kvw.exe |
| IOC-010 | SHA-256 | 8db5e3bdd57ed77f80e1dbd5f11a48a19f69faa2281f1039b615ee8b4a09407c | sha256sum on-disk | n/a | Probable | C:\\ProgramData\\perfmon-k\\perfmon-kwb.dll |
| IOC-011 | Path | C:\\ProgramData\\perfmon-k\\ | McAfee log + filesystem | 2019-05-08T15:14:04Z | Confirmed | Drop location for Artemis trojans and 5 residuals |
| IOC-012 | Path | C:\\Users\\mhill\\AppData\\Local\\Temp\\{GUID}-*chrome_updater.exe | McAfee log | 2019-10-22T20:55:41Z | Confirmed | 21 GUID-prefixed drops |
| IOC-013 | User Context | shieldbase\\mhill | McAfee log | 2019-10-22T20:55:41Z | Confirmed | User session in which chrome_updater drops occurred |
| IOC-014 | Threat Name | Artemis!1977C126E8E7 | McAfee VSE | 2019-05-08 | Confirmed | family/variant |
| IOC-015 | Threat Name | Artemis!50CCE7D590CA | McAfee VSE | 2019-05-17 | Confirmed | family/variant |
| IOC-016 | Threat Name | GenericRXIT-PW!264609C34194 | McAfee VSE | 2019-10-22 | Confirmed | family/variant |
| IOC-017 | Threat Name | GenericRXIT-PW!D870AC37E98C | McAfee VSE | 2019-11-04 | Confirmed | family/variant |
| IOC-018 | Threat Name | GenericRXIT-PW!4D17F453B454 | McAfee VSE | 2019-11-06 | Confirmed | family/variant |

---

## Gaps and Limitations (Unknowns)

- Unknown - original delivery vector of the perfmon-k\\* files in May 2019. Sysmon was not yet installed; Security 4688 process-create logs are sparse for that period.
- Unknown - identity of domain user behind SID -1193 who ran the 2018-09-06 PowerShell. The SID is not in this host local ProfileList or SAM. Account name only resolvable against the domain controller (outside this evidence boundary).
- Unknown - identity of SID -1212 added to local Administrators on 2020-02-17. Same constraint.
- Unknown - whether Lariat-9.4.1-install.exe (138 MB) is malicious. Not scanned in this analysis; no signed-status verification.
- Cannot be determined from available evidence - whether any outbound network transfer of credentials or data occurred. SRUM extracted but not parsed (SrumECmd not installed); no network capture in scope.
- Cannot be determined from available evidence - whether the mcollective-shell-agent zip was ever extracted and executed.
- Evidence that would resolve the above:
  - Decode the gzip+base64 buffer logged in EID 4104 at 2018-09-06 17:13:58 (offline shellcode analysis).
  - Submit perfmon-k\\*.dll/.exe SHA-256 hashes to VirusTotal or a multi-AV scanner.
  - Obtain SRUDB.dat parse output (per-app network bytes) on a host where SrumECmd is available.
  - Query the domain DC to resolve SIDs -1193 and -1212.
  - Compare residual C:\\ProgramData\\perfmon-k\\ files against a clean shieldbase host baseline.

---

## Reproducibility Appendix

- **Command Ledger Location:** ./logs/command_ledger.csv
- **Total commands logged:** 81
- **Failed commands:** 19 (each failure has a documented cause: mmls returned non-zero because EVID-001 is a logical NTFS volume with no MBR partition table; PECmd.dll and SrumECmd.dll are not installed on this SIFT instance; yara binary is not in PATH for sudo; one head-induced SIGPIPE was non-fatal)
- **Rerun / retry commands noted:** 0
- **Unresolved command failures:** 0
- **Statement:** The command ledger audit passed.
- **Audit output:** ./logs/20260604T211230Z_3496_stdout.log
- **Output directories used:** ./analysis/, ./exports/, ./exports/parsed/, ./logs/, ./reports/
- **Evidence integrity:** ewfverify stored MD5 matched recomputed MD5 (./logs/20260604T205418Z_15768_stdout.log); EVID-001 mounted strictly read-only for the entire analysis; all forensic commands executed through /home/sansforensics/.claude/scripts/run_logged.sh per the SIFT protocol.

---

## Confidence Level Definitions

| Confidence | Definition |
|-----------|------------|
| Confirmed | Directly supported by raw or parsed forensic artifact. |
| Corroborated | Supported by two or more independent artifacts. |
| Probable | Supported by one artifact plus strong contextual evidence. |
| Hypothesis | Plausible but not yet proven; must include the next validation step. |
| Rejected | Tested and unsupported. |
""""""

with open(""./reports/CASE-001_base-wkstn-01_report.md"",""w"") as f:
    f.write(report)
print(f""Wrote {len(report)} bytes to ./reports/CASE-001_base-wkstn-01_report.md"")
EOFPY
python3 ./analysis/make_report.py",./logs/20260604T212058Z_25766_stdout.log,./logs/20260604T212058Z_25766_stderr.log,0,Write report generator script
2026-06-04T21:21:10Z,/home/sansforensics/Desktop/cases/Test1,python3 /home/sansforensics/.claude/scripts/generate_pdf_report.py ./reports/CASE-001_base-wkstn-01_report.md ./reports/CASE-001_base-wkstn-01_report.pdf,./logs/20260604T212110Z_9234_stdout.log,./logs/20260604T212110Z_9234_stderr.log,2,Generate PDF report
2026-06-04T21:21:18Z,/home/sansforensics/Desktop/cases/Test1,"bash -o pipefail -c ls /home/sansforensics/.claude/scripts/; echo ---; find /home/sansforensics/.claude -name ""generate_pdf*"" 2>/dev/null; find / -maxdepth 5 -name ""generate_pdf_report*"" 2>/dev/null",./logs/20260604T212118Z_22142_stdout.log,./logs/20260604T212118Z_22142_stderr.log,1,Find PDF generator script
2026-06-04T21:21:42Z,/home/sansforensics/Desktop/cases/Test1,python3 /home/sansforensics/.claude/analysis-scripts/generate_pdf_report.py ./reports/CASE-001_base-wkstn-01_report.md ./reports/CASE-001_base-wkstn-01_report.pdf,./logs/20260604T212142Z_6181_stdout.log,./logs/20260604T212142Z_6181_stderr.log,1,Generate PDF report (correct path)
2026-06-04T21:21:53Z,/home/sansforensics/Desktop/cases/Test1,bash -o pipefail -c head -30 /home/sansforensics/.claude/analysis-scripts/generate_pdf_report.py; echo ---LAST RUN STDERR---; cat ./logs/20260604T212*_*_stderr.log 2>/dev/null | tail -20,./logs/20260604T212153Z_3668_stdout.log,./logs/20260604T212153Z_3668_stderr.log,0,Check PDF generator output
2026-06-04T21:21:59Z,/home/sansforensics/Desktop/cases/Test1,bash -o pipefail -c tail -80 /home/sansforensics/.claude/analysis-scripts/generate_pdf_report.py,./logs/20260604T212159Z_29129_stdout.log,./logs/20260604T212159Z_29129_stderr.log,0,Inspect generate_pdf_report main signature
2026-06-04T21:22:02Z,/home/sansforensics/Desktop/cases/Test1,wc -l /home/sansforensics/.claude/analysis-scripts/generate_pdf_report.py,./logs/20260604T212202Z_26662_stdout.log,./logs/20260604T212202Z_26662_stderr.log,0,wc and look at end of script
2026-06-04T21:22:27Z,/home/sansforensics/Desktop/cases/Test1,"bash -o pipefail -c grep -n ""^def \|^generate_report\|BODY_HTML"" /home/sansforensics/.claude/analysis-scripts/generate_pdf_report.py | head -20",./logs/20260604T212227Z_25244_stdout.log,./logs/20260604T212227Z_25244_stderr.log,0,Find generate_report function
2026-06-04T21:22:58Z,/home/sansforensics/Desktop/cases/Test1,"bash -o pipefail -c cat > ./analysis/make_pdf.py << ""EOFPY""
import sys, os, re
sys.path.insert(0, ""/home/sansforensics/.claude/analysis-scripts"")
try:
    import markdown
except ImportError:
    print(""markdown package not installed; using minimal converter"")
    markdown = None

from generate_pdf_report import generate_report

md_path = ""./reports/CASE-001_base-wkstn-01_report.md""
pdf_path = ""./reports/CASE-001_base-wkstn-01_report.pdf""

with open(md_path, encoding=""utf-8"") as f:
    md = f.read()

# Strip the leading title/header block (cover page provides title)
# Keep starting from ""## Executive Summary"" onward
m = re.search(r""^## Executive Summary"", md, re.MULTILINE)
if m:
    body_md = md[m.start():]
else:
    body_md = md

if markdown:
    body_html = markdown.markdown(body_md, extensions=[""tables"",""fenced_code"",""sane_lists""])
else:
    # very minimal MD->HTML fallback (not used if markdown is installed)
    body_html = ""<pre>"" + body_md.replace(""<"",""&lt;"").replace("">"",""&gt;"") + ""</pre>""

# Wrap with the expected styles (h2/section-num) - the CSS already styles h2, table, etc.
# Add a section number prefix to each h2 manually
def add_section_nums(html):
    counter = [0]
    def repl(m):
        counter[0] += 1
        return f""<h2><span class=\""section-num\"">{counter[0]:02d}</span> {m.group(1)}</h2>""
    return re.sub(r""<h2>(.+?)</h2>"", repl, html)

body_html = add_section_nums(body_html)

data = {
    ""case_id"":     ""CASE-001 / EVID-001"",
    ""client"":      ""shieldbase.lan (host base-wkstn-01)"",
    ""prepared_by"": ""DFIR Orchestrator (autonomous SIFT)"",
    ""date"":        ""2026-06-04"",
    ""title"":       ""Digital Forensic Analysis of base-wkstn-01-c-drive.E01"",
    ""subtitle"":    ""Host base-wkstn-01.shieldbase.lan - E01 disk image acquired 2021-09-16"",
    ""body_html"":   body_html,
}

out = generate_report(data, pdf_path)
print(f""PDF written: {out}"")
print(f""Body HTML size: {len(body_html)} bytes"")
EOFPY
python3 ./analysis/make_pdf.py",./logs/20260604T212258Z_11447_stdout.log,./logs/20260604T212258Z_11447_stderr.log,0,Create PDF driver from markdown
2026-06-04T21:23:12Z,/home/sansforensics/Desktop/cases/Test1,python3 /home/sansforensics/.claude/scripts/pdf_visual_check.py ./reports/CASE-001_base-wkstn-01_report.pdf,./logs/20260604T212312Z_30641_stdout.log,./logs/20260604T212312Z_30641_stderr.log,1,Run PDF visual check
2026-06-04T21:23:57Z,/home/sansforensics/Desktop/cases/Test1,"bash -o pipefail -c cat > ./analysis/make_pdf2.py << ""EOFPY""
import sys, os, re
sys.path.insert(0, ""/home/sansforensics/.claude/analysis-scripts"")
import markdown
from weasyprint import HTML, CSS
from generate_pdf_report import build_html, CSS_STYLE

md_path = ""./reports/CASE-001_base-wkstn-01_report.md""
pdf_path = ""./reports/CASE-001_base-wkstn-01_report.pdf""

with open(md_path, encoding=""utf-8"") as f:
    md = f.read()

# Truncate long SHA-256 hashes to 16-char prefix + ellipsis in tables for visual fit;
# full hashes remain in ./analysis/ioc_register.csv and ./reports/artifact_manifest.csv
def shorten_hashes(text):
    # SHA-256 is 64 hex chars; MD5 is 32 hex chars
    def repl_sha(m):
        h = m.group(0)
        return h[:16] + ""...""
    return re.sub(r""\b[0-9a-fA-F]{64}\b"", repl_sha, text)

md_short = shorten_hashes(md)

# Add a note about truncation at top
md_short = md_short.replace(""## IOC Table"", ""## IOC Table\n\n*Note: SHA-256 hashes shown in PDF tables are truncated to first 16 hex chars for visual fit. Full 64-character hashes are in `./analysis/ioc_register.csv` and `./reports/artifact_manifest.csv`. SHA-256 column header below should be read as **SHA-256 (truncated)**.*\n"")
md_short = md_short.replace(""On-disk component table:**"", ""On-disk component table** (SHA-256 column is truncated to first 16 chars; full values in artifact_manifest.csv):**"")

m = re.search(r""^## Executive Summary"", md_short, re.MULTILINE)
body_md = md_short[m.start():] if m else md_short

body_html = markdown.markdown(body_md, extensions=[""tables"",""fenced_code"",""sane_lists""])

def add_section_nums(html):
    counter = [0]
    def repl(m):
        counter[0] += 1
        return f""<h2><span class=\""section-num\"">{counter[0]:02d}</span> {m.group(1)}</h2>""
    return re.sub(r""<h2>(.+?)</h2>"", repl, html)
body_html = add_section_nums(body_html)

data = {
    ""case_id"":     ""CASE-001 / EVID-001"",
    ""client"":      ""shieldbase.lan (host base-wkstn-01)"",
    ""prepared_by"": ""DFIR Orchestrator (autonomous SIFT)"",
    ""date"":        ""2026-06-04"",
    ""title"":       ""Digital Forensic Analysis of base-wkstn-01-c-drive.E01"",
    ""subtitle"":    ""Host base-wkstn-01.shieldbase.lan - E01 disk image acquired 2021-09-16"",
    ""body_html"":   body_html,
}

html = build_html(data)

# Override the @page CSS to add safe margins so footers stay inside the page
override = """"""
@page {
    size: A4;
    margin: 2.0cm 1.6cm 2.0cm 1.6cm;
}
table { font-size: 7.5pt; table-layout: fixed; word-wrap: break-word; overflow-wrap: break-word; width: 100%; }
table th, table td { word-break: break-all; padding: 3pt 4pt; }
code { word-break: break-all; }
""""""

HTML(string=html).write_pdf(pdf_path, stylesheets=[CSS(string=override)], presentational_hints=True)
print(f""PDF written: {pdf_path}"")
EOFPY
python3 ./analysis/make_pdf2.py",./logs/20260604T212357Z_24013_stdout.log,./logs/20260604T212357Z_24013_stderr.log,0,Regenerate markdown with truncated hashes and rebuild PDF
2026-06-04T21:24:08Z,/home/sansforensics/Desktop/cases/Test1,python3 /home/sansforensics/.claude/scripts/pdf_visual_check.py ./reports/CASE-001_base-wkstn-01_report.pdf,./logs/20260604T212408Z_10857_stdout.log,./logs/20260604T212408Z_10857_stderr.log,1,Re-run PDF visual check
2026-06-04T21:24:42Z,/home/sansforensics/Desktop/cases/Test1,"bash -o pipefail -c cat > ./analysis/make_pdf3.py << ""EOFPY""
import sys, os, re
sys.path.insert(0, ""/home/sansforensics/.claude/analysis-scripts"")
import markdown
from weasyprint import HTML, CSS
from generate_pdf_report import build_html, CSS_STYLE

md_path = ""./reports/CASE-001_base-wkstn-01_report.md""
pdf_path = ""./reports/CASE-001_base-wkstn-01_report.pdf""

with open(md_path, encoding=""utf-8"") as f:
    md = f.read()

def shorten_hashes(text):
    return re.sub(r""\b[0-9a-fA-F]{64}\b"", lambda m: m.group(0)[:16] + ""..."", text)

md_short = shorten_hashes(md)
md_short = md_short.replace(""## IOC Table"", ""## IOC Table\n\n*Note: SHA-256 hashes shown in PDF tables are truncated to first 16 hex chars for visual fit. Full 64-character hashes are in `./analysis/ioc_register.csv` and `./reports/artifact_manifest.csv`. SHA-256 column header below should be read as SHA-256 (truncated).*\n"")
md_short = md_short.replace(""On-disk component table:**"", ""On-disk component table** (SHA-256 column is truncated to first 16 chars; full values in artifact_manifest.csv):**"")

m = re.search(r""^## Executive Summary"", md_short, re.MULTILINE)
body_md = md_short[m.start():] if m else md_short
body_html = markdown.markdown(body_md, extensions=[""tables"",""fenced_code"",""sane_lists""])

def add_section_nums(html):
    counter = [0]
    def repl(mm):
        counter[0] += 1
        return f""<h2><span class=\""section-num\"">{counter[0]:02d}</span> {mm.group(1)}</h2>""
    return re.sub(r""<h2>(.+?)</h2>"", repl, html)
body_html = add_section_nums(body_html)

data = {
    ""case_id"":     ""CASE-001 / EVID-001"",
    ""client"":      ""shieldbase.lan (host base-wkstn-01)"",
    ""prepared_by"": ""DFIR Orchestrator (autonomous SIFT)"",
    ""date"":        ""2026-06-04"",
    ""title"":       ""Digital Forensic Analysis of base-wkstn-01-c-drive.E01"",
    ""subtitle"":    ""Host base-wkstn-01.shieldbase.lan - E01 disk image acquired 2021-09-16"",
    ""body_html"":   body_html,
}

html = build_html(data)

# Stronger override: redefine @page including bottom-left/right footers explicitly
override = r""""""
@page {
    size: A4 !important;
    margin: 2.0cm 1.6cm 2.0cm 1.6cm !important;
    @bottom-right {
        content: ""Page "" counter(page) "" of "" counter(pages) !important;
        margin-right: 0 !important;
        margin-bottom: 0 !important;
        padding-bottom: 0.4cm !important;
    }
    @bottom-left {
        content: ""CONFIDENTIAL - DFIR INTERNAL USE ONLY"" !important;
        margin-left: 0 !important;
        margin-bottom: 0 !important;
        padding-bottom: 0.4cm !important;
    }
}
table { font-size: 7.5pt; table-layout: fixed; word-wrap: break-word; overflow-wrap: break-word; width: 100%; }
table th, table td { word-break: break-all; padding: 3pt 4pt; vertical-align: top; }
code { word-break: break-all; }
.cover { padding: 2.8cm 2.2cm 2cm 2.2cm; }
""""""

HTML(string=html).write_pdf(pdf_path, stylesheets=[CSS(string=override)], presentational_hints=True)
print(f""PDF written: {pdf_path}"")
EOFPY
python3 ./analysis/make_pdf3.py",./logs/20260604T212442Z_21752_stdout.log,./logs/20260604T212442Z_21752_stderr.log,0,Rebuild PDF with footer-safe margin override
2026-06-04T21:24:49Z,/home/sansforensics/Desktop/cases/Test1,python3 /home/sansforensics/.claude/scripts/pdf_visual_check.py ./reports/CASE-001_base-wkstn-01_report.pdf,./logs/20260604T212449Z_8043_stdout.log,./logs/20260604T212449Z_8043_stderr.log,0,PDF visual check v3
2026-06-04T21:25:13Z,/home/sansforensics/Desktop/cases/Test1,"bash -o pipefail -c cat > ./analysis/make_manifest.py << ""EOFPY""
import os, csv, hashlib
from pathlib import Path

def sha256_file(p):
    h = hashlib.sha256()
    with open(p, ""rb"") as f:
        for chunk in iter(lambda: f.read(65536), b""""):
            h.update(chunk)
    return h.hexdigest()

include_dirs = [""./reports"", ""./analysis"", ""./logs""]
rows = [[""Path"",""Type"",""Size Bytes"",""SHA256"",""Created UTC"",""Purpose""]]
for d in include_dirs:
    for root, _, files in os.walk(d):
        for fn in files:
            p = Path(root) / fn
            try:
                size = p.stat().st_size
                if size == 0 or size > 200*1024*1024:
                    h = ""NOT_COMPUTED"" if size==0 else ""NOT_COMPUTED_too_large""
                else:
                    h = sha256_file(p)
                from datetime import datetime, timezone
                ts = datetime.fromtimestamp(p.stat().st_mtime, tz=timezone.utc).strftime(""%Y-%m-%dT%H:%M:%SZ"")
                purpose = """"
                if ""command_ledger"" in fn: purpose = ""Master command ledger""
                elif fn.startswith(""CASE-001"") and fn.endswith("".pdf""): purpose = ""Final PDF report""
                elif fn.startswith(""CASE-001"") and fn.endswith("".md""): purpose = ""Final markdown report""
                elif fn == ""ioc_register.csv"": purpose = ""IOC register""
                elif fn == ""evidence_inventory.csv"": purpose = ""Evidence inventory""
                elif fn == ""mounts.csv"": purpose = ""Mount log""
                elif fn == ""case_iocs.yar"": purpose = ""Case-specific YARA rules""
                elif fn.endswith(""_stdout.log"") or fn.endswith(""_stderr.log""): purpose = ""Command output""
                elif fn.endswith("".py""): purpose = ""Helper script""
                else: purpose = ""Working artifact""
                rows.append([str(p), p.suffix or ""(none)"", size, h, ts, purpose])
            except Exception as e:
                rows.append([str(p), ""ERROR"", """", """", """", f""ERROR: {e}""])
with open(""./reports/artifact_manifest.csv"",""w"",newline="""") as f:
    w = csv.writer(f)
    w.writerows(rows)
print(f""Wrote {len(rows)-1} manifest rows"")
EOFPY
python3 ./analysis/make_manifest.py",./logs/20260604T212513Z_11944_stdout.log,./logs/20260604T212513Z_11944_stderr.log,0,Build artifact manifest
2026-06-04T21:25:15Z,/home/sansforensics/Desktop/cases/Test1,python3 /home/sansforensics/.claude/scripts/audit_command_ledger.py ./logs/command_ledger.csv,./logs/20260604T212515Z_1325_stdout.log,./logs/20260604T212515Z_1325_stderr.log,0,Final ledger audit
2026-06-04T21:25:23Z,/home/sansforensics/Desktop/cases/Test1,bash -o pipefail -c ls -la ./reports/,./logs/20260604T212523Z_21572_stdout.log,./logs/20260604T212523Z_21572_stderr.log,0,Final ls of reports
